"","driverId","driverRef","number","code","dob","nationality","url"
"1",1,"hamilton",44,"HAM","07/01/1985","British","http://en.wikipedia.org/wiki/Lewis_Hamilton"
"2",2,"heidfeld",NA,"HEI","10/05/1977","German","http://en.wikipedia.org/wiki/Nick_Heidfeld"
"3",3,"rosberg",6,"ROS","27/06/1985","German","http://en.wikipedia.org/wiki/Nico_Rosberg"
"4",4,"alonso",14,"ALO","29/07/1981","Spanish","http://en.wikipedia.org/wiki/Fernando_Alonso"
"5",5,"kovalainen",NA,"KOV","19/10/1981","Finnish","http://en.wikipedia.org/wiki/Heikki_Kovalainen"
"6",6,"nakajima",NA,"NAK","11/01/1985","Japanese","http://en.wikipedia.org/wiki/Kazuki_Nakajima"
"7",7,"bourdais",NA,"BOU","28/02/1979","French","http://en.wikipedia.org/wiki/S%C3%A9bastien_Bourdais"
"8",8,"raikkonen",7,"RAI","17/10/1979","Finnish","http://en.wikipedia.org/wiki/Kimi_R%C3%A4ikk%C3%B6nen"
"9",9,"kubica",NA,"KUB","07/12/1984","Polish","http://en.wikipedia.org/wiki/Robert_Kubica"
"10",10,"glock",NA,"GLO","18/03/1982","German","http://en.wikipedia.org/wiki/Timo_Glock"
"11",11,"sato",NA,"SAT","28/01/1977","Japanese","http://en.wikipedia.org/wiki/Takuma_Sato"
"12",12,"piquet_jr",NA,"PIQ","25/07/1985","Brazilian","http://en.wikipedia.org/wiki/Nelson_Piquet,_Jr."
"13",13,"massa",19,"MAS","25/04/1981","Brazilian","http://en.wikipedia.org/wiki/Felipe_Massa"
"14",14,"coulthard",NA,"COU","27/03/1971","British","http://en.wikipedia.org/wiki/David_Coulthard"
"15",15,"trulli",NA,"TRU","13/07/1974","Italian","http://en.wikipedia.org/wiki/Jarno_Trulli"
"16",16,"sutil",99,"SUT","11/01/1983","German","http://en.wikipedia.org/wiki/Adrian_Sutil"
"17",17,"webber",NA,"WEB","27/08/1976","Australian","http://en.wikipedia.org/wiki/Mark_Webber"
"18",18,"button",22,"BUT","19/01/1980","British","http://en.wikipedia.org/wiki/Jenson_Button"
"19",19,"davidson",NA,"DAV","18/04/1979","British","http://en.wikipedia.org/wiki/Anthony_Davidson"
"20",20,"vettel",5,"VET","03/07/1987","German","http://en.wikipedia.org/wiki/Sebastian_Vettel"
"21",21,"fisichella",NA,"FIS","14/01/1973","Italian","http://en.wikipedia.org/wiki/Giancarlo_Fisichella"
"22",22,"barrichello",NA,"BAR","23/05/1972","Brazilian","http://en.wikipedia.org/wiki/Rubens_Barrichello"
"23",23,"ralf_schumacher",NA,"SCH","30/06/1975","German","http://en.wikipedia.org/wiki/Ralf_Schumacher"
"24",24,"liuzzi",NA,"LIU","06/08/1980","Italian","http://en.wikipedia.org/wiki/Vitantonio_Liuzzi"
"25",25,"wurz",NA,"WUR","15/02/1974","Austrian","http://en.wikipedia.org/wiki/Alexander_Wurz"
"26",26,"speed",NA,"SPE","24/01/1983","American","http://en.wikipedia.org/wiki/Scott_Speed"
"27",27,"albers",NA,"ALB","16/04/1979","Dutch","http://en.wikipedia.org/wiki/Christijan_Albers"
"28",28,"markus_winkelhock",NA,"WIN","13/06/1980","German","http://en.wikipedia.org/wiki/Markus_Winkelhock"
"29",29,"yamamoto",NA,"YAM","09/07/1982","Japanese","http://en.wikipedia.org/wiki/Sakon_Yamamoto"
"30",30,"michael_schumacher",NA,"MSC","03/01/1969","German","http://en.wikipedia.org/wiki/Michael_Schumacher"
"31",31,"montoya",NA,"MON","20/09/1975","Colombian","http://en.wikipedia.org/wiki/Juan_Pablo_Montoya"
"32",32,"klien",NA,"KLI","07/02/1983","Austrian","http://en.wikipedia.org/wiki/Christian_Klien"
"33",33,"monteiro",NA,"TMO","24/07/1976","Portuguese","http://en.wikipedia.org/wiki/Tiago_Monteiro"
"34",34,"ide",NA,"IDE","21/01/1975","Japanese","http://en.wikipedia.org/wiki/Yuji_Ide"
"35",35,"villeneuve",NA,"VIL","09/04/1971","Canadian","http://en.wikipedia.org/wiki/Jacques_Villeneuve"
"36",36,"montagny",NA,"FMO","05/01/1978","French","http://en.wikipedia.org/wiki/Franck_Montagny"
"37",37,"rosa",NA,"DLR","24/02/1971","Spanish","http://en.wikipedia.org/wiki/Pedro_de_la_Rosa"
"38",38,"doornbos",NA,"DOO","23/09/1981","Dutch","http://en.wikipedia.org/wiki/Robert_Doornbos"
"39",39,"karthikeyan",NA,"KAR","14/01/1977","Indian","http://en.wikipedia.org/wiki/Narain_Karthikeyan"
"40",40,"friesacher",NA,"FRI","26/09/1980","Austrian","http://en.wikipedia.org/wiki/Patrick_Friesacher"
"41",41,"zonta",NA,"ZON","23/03/1976","Brazilian","http://en.wikipedia.org/wiki/Ricardo_Zonta"
"42",42,"pizzonia",NA,"PIZ","11/09/1980","Brazilian","http://en.wikipedia.org/wiki/Ant%C3%B4nio_Pizzonia"
"43",43,"matta",NA,NA,"19/09/1973","Brazilian","http://en.wikipedia.org/wiki/Cristiano_da_Matta"
"44",44,"panis",NA,NA,"02/09/1966","French","http://en.wikipedia.org/wiki/Olivier_Panis"
"45",45,"pantano",NA,NA,"04/02/1979","Italian","http://en.wikipedia.org/wiki/Giorgio_Pantano"
"46",46,"bruni",NA,NA,"30/05/1981","Italian","http://en.wikipedia.org/wiki/Gianmaria_Bruni"
"47",47,"baumgartner",NA,NA,"01/01/1981","Hungarian","http://en.wikipedia.org/wiki/Zsolt_Baumgartner"
"48",48,"gene",NA,NA,"29/03/1974","Spanish","http://en.wikipedia.org/wiki/Marc_Gen%C3%A9"
"49",49,"frentzen",NA,NA,"18/05/1967","German","http://en.wikipedia.org/wiki/Heinz-Harald_Frentzen"
"50",50,"verstappen",NA,NA,"04/03/1972","Dutch","http://en.wikipedia.org/wiki/Jos_Verstappen"
"51",51,"wilson",NA,NA,"31/07/1978","British","http://en.wikipedia.org/wiki/Justin_Wilson_(racing_driver)"
"52",52,"firman",NA,NA,"20/05/1975","Irish","http://en.wikipedia.org/wiki/Ralph_Firman"
"53",53,"kiesa",NA,NA,"03/03/1978","Danish","http://en.wikipedia.org/wiki/Nicolas_Kiesa"
"54",54,"burti",NA,NA,"05/03/1975","Brazilian","http://en.wikipedia.org/wiki/Luciano_Burti"
"55",55,"alesi",NA,NA,"11/06/1964","French","http://en.wikipedia.org/wiki/Jean_Alesi"
"56",56,"irvine",NA,NA,"10/11/1965","British","http://en.wikipedia.org/wiki/Eddie_Irvine"
"57",57,"hakkinen",NA,NA,"28/09/1968","Finnish","http://en.wikipedia.org/wiki/Mika_H%C3%A4kkinen"
"58",58,"marques",NA,NA,"19/01/1976","Brazilian","http://en.wikipedia.org/wiki/Tarso_Marques"
"59",59,"bernoldi",NA,NA,"19/10/1978","Brazilian","http://en.wikipedia.org/wiki/Enrique_Bernoldi"
"60",60,"mazzacane",NA,NA,"08/05/1975","Argentine","http://en.wikipedia.org/wiki/Gast%C3%B3n_Mazzacane"
"61",61,"enge",NA,NA,"11/09/1976","Czech","http://en.wikipedia.org/wiki/Tom%C3%A1%C5%A1_Enge"
"62",62,"yoong",NA,NA,"20/07/1976","Malaysian","http://en.wikipedia.org/wiki/Alex_Yoong"
"63",63,"salo",NA,NA,"30/11/1966","Finnish","http://en.wikipedia.org/wiki/Mika_Salo"
"64",64,"diniz",NA,NA,"22/05/1970","Brazilian","http://en.wikipedia.org/wiki/Pedro_Diniz"
"65",65,"herbert",NA,NA,"25/06/1964","British","http://en.wikipedia.org/wiki/Johnny_Herbert"
"66",66,"mcnish",NA,NA,"29/12/1969","British","http://en.wikipedia.org/wiki/Allan_McNish"
"67",67,"buemi",NA,"BUE","31/10/1988","Swiss","http://en.wikipedia.org/wiki/S%C3%A9bastien_Buemi"
"68",68,"takagi",NA,NA,"12/02/1974","Japanese","http://en.wikipedia.org/wiki/Toranosuke_Takagi"
"69",69,"badoer",NA,"BAD","25/01/1971","Italian","http://en.wikipedia.org/wiki/Luca_Badoer"
"70",70,"zanardi",NA,NA,"23/10/1966","Italian","http://en.wikipedia.org/wiki/Alex_Zanardi"
"71",71,"damon_hill",NA,NA,"17/09/1960","British","http://en.wikipedia.org/wiki/Damon_Hill"
"72",72,"sarrazin",NA,NA,"02/11/1975","French","http://en.wikipedia.org/wiki/St%C3%A9phane_Sarrazin"
"73",73,"rosset",NA,NA,"27/07/1968","Brazilian","http://en.wikipedia.org/wiki/Ricardo_Rosset"
"74",74,"tuero",NA,NA,"22/04/1978","Argentine","http://en.wikipedia.org/wiki/Esteban_Tuero"
"75",75,"nakano",NA,NA,"01/04/1971","Japanese","http://en.wikipedia.org/wiki/Shinji_Nakano"
"76",76,"magnussen",NA,"MAG","04/07/1973","Danish","http://en.wikipedia.org/wiki/Jan_Magnussen"
"77",77,"berger",NA,NA,"27/08/1959","Austrian","http://en.wikipedia.org/wiki/Gerhard_Berger"
"78",78,"larini",NA,NA,"19/03/1964","Italian","http://en.wikipedia.org/wiki/Nicola_Larini"
"79",79,"katayama",NA,NA,"29/05/1963","Japanese","http://en.wikipedia.org/wiki/Ukyo_Katayama"
"80",80,"sospiri",NA,NA,"07/10/1966","Italian","http://en.wikipedia.org/wiki/Vincenzo_Sospiri"
"81",81,"morbidelli",NA,NA,"13/01/1968","Italian","http://en.wikipedia.org/wiki/Gianni_Morbidelli"
"82",82,"fontana",NA,NA,"20/01/1975","Argentine","http://en.wikipedia.org/wiki/Norberto_Fontana"
"83",83,"lamy",NA,NA,"20/03/1972","Portuguese","http://en.wikipedia.org/wiki/Pedro_Lamy"
"84",84,"brundle",NA,NA,"01/06/1959","British","http://en.wikipedia.org/wiki/Martin_Brundle"
"85",85,"montermini",NA,NA,"30/05/1964","Italian","http://en.wikipedia.org/wiki/Andrea_Montermini"
"86",86,"lavaggi",NA,NA,"18/02/1958","Italian","http://en.wikipedia.org/wiki/Giovanni_Lavaggi"
"87",87,"blundell",NA,NA,"08/04/1966","British","http://en.wikipedia.org/wiki/Mark_Blundell"
"88",88,"suzuki",NA,NA,"08/09/1960","Japanese","http://en.wikipedia.org/wiki/Aguri_Suzuki"
"89",89,"inoue",NA,NA,"05/09/1963","Japanese","http://en.wikipedia.org/wiki/Taki_Inoue"
"90",90,"moreno",NA,NA,"11/02/1959","Brazilian","http://en.wikipedia.org/wiki/Roberto_Moreno"
"91",91,"wendlinger",NA,NA,"20/12/1968","Austrian","http://en.wikipedia.org/wiki/Karl_Wendlinger"
"92",92,"gachot",NA,NA,"23/12/1962","Belgian","http://en.wikipedia.org/wiki/Bertrand_Gachot"
"93",93,"schiattarella",NA,NA,"17/11/1967","Italian","http://en.wikipedia.org/wiki/Domenico_Schiattarella"
"94",94,"martini",NA,NA,"23/04/1961","Italian","http://en.wikipedia.org/wiki/Pierluigi_Martini"
"95",95,"mansell",NA,NA,"08/08/1953","British","http://en.wikipedia.org/wiki/Nigel_Mansell"
"96",96,"boullion",NA,NA,"27/12/1969","French","http://en.wikipedia.org/wiki/Jean-Christophe_Boullion"
"97",97,"papis",NA,NA,"03/10/1969","Italian","http://en.wikipedia.org/wiki/Massimiliano_Papis"
"98",98,"deletraz",NA,NA,"01/10/1963","Swiss","http://en.wikipedia.org/wiki/Jean-Denis_Deletraz"
"99",99,"tarquini",NA,NA,"02/03/1962","Italian","http://en.wikipedia.org/wiki/Gabriele_Tarquini"
"100",100,"comas",NA,NA,"28/09/1963","French","http://en.wikipedia.org/wiki/%C3%89rik_Comas"
"101",101,"brabham",NA,NA,"05/09/1965","Australian","http://en.wikipedia.org/wiki/David_Brabham"
"102",102,"senna",NA,NA,"21/03/1960","Brazilian","http://en.wikipedia.org/wiki/Ayrton_Senna"
"103",103,"bernard",NA,NA,"24/08/1964","French","http://en.wikipedia.org/wiki/%C3%89ric_Bernard"
"104",104,"fittipaldi",NA,NA,"18/01/1971","Brazilian","http://en.wikipedia.org/wiki/Christian_Fittipaldi"
"105",105,"alboreto",NA,NA,"23/12/1956","Italian","http://en.wikipedia.org/wiki/Michele_Alboreto"
"106",106,"beretta",NA,NA,"23/11/1969","Monegasque","http://en.wikipedia.org/wiki/Olivier_Beretta"
"107",107,"ratzenberger",NA,NA,"04/07/1960","Austrian","http://en.wikipedia.org/wiki/Roland_Ratzenberger"
"108",108,"belmondo",NA,NA,"23/04/1963","French","http://en.wikipedia.org/wiki/Paul_Belmondo"
"109",109,"lehto",NA,NA,"31/01/1966","Finnish","http://en.wikipedia.org/wiki/Jyrki_J%C3%A4rvilehto"
"110",110,"cesaris",NA,NA,"31/05/1959","Italian","http://en.wikipedia.org/wiki/Andrea_de_Cesaris"
"111",111,"gounon",NA,NA,"01/01/1963","French","http://en.wikipedia.org/wiki/Jean-Marc_Gounon"
"112",112,"alliot",NA,NA,"27/07/1954","French","http://en.wikipedia.org/wiki/Philippe_Alliot"
"113",113,"adams",NA,NA,"19/11/1969","Belgian","http://en.wikipedia.org/wiki/Philippe_Adams"
"114",114,"dalmas",NA,NA,"28/07/1961","French","http://en.wikipedia.org/wiki/Yannick_Dalmas"
"115",115,"noda",NA,NA,"07/03/1969","Japanese","http://en.wikipedia.org/wiki/Hideki_Noda"
"116",116,"lagorce",NA,NA,"01/09/1968","French","http://en.wikipedia.org/wiki/Franck_Lagorce"
"117",117,"prost",NA,NA,"24/02/1955","French","http://en.wikipedia.org/wiki/Alain_Prost"
"118",118,"warwick",NA,NA,"27/08/1954","British","http://en.wikipedia.org/wiki/Derek_Warwick"
"119",119,"patrese",NA,NA,"17/04/1954","Italian","http://en.wikipedia.org/wiki/Riccardo_Patrese"
"120",120,"barbazza",NA,NA,"02/04/1963","Italian","http://en.wikipedia.org/wiki/Fabrizio_Barbazza"
"121",121,"andretti",NA,NA,"05/10/1962","American","http://en.wikipedia.org/wiki/Michael_Andretti"
"122",122,"capelli",NA,NA,"24/05/1963","Italian","http://en.wikipedia.org/wiki/Ivan_Capelli"
"123",123,"boutsen",NA,NA,"13/07/1957","Belgian","http://en.wikipedia.org/wiki/Thierry_Boutsen"
"124",124,"apicella",NA,NA,"07/10/1965","Italian","http://en.wikipedia.org/wiki/Marco_Apicella"
"125",125,"naspetti",NA,NA,"24/02/1968","Italian","http://en.wikipedia.org/wiki/Emanuele_Naspetti"
"126",126,"toshio_suzuki",NA,NA,"10/03/1955","Japanese","http://en.wikipedia.org/wiki/Toshio_Suzuki_(driver)"
"127",127,"gugelmin",NA,NA,"20/04/1963","Brazilian","http://en.wikipedia.org/wiki/Maur%C3%ADcio_Gugelmin"
"128",128,"poele",NA,NA,"30/09/1961","Belgian","http://en.wikipedia.org/wiki/Eric_van_de_Poele"
"129",129,"grouillard",NA,NA,"02/09/1958","French","http://en.wikipedia.org/wiki/Olivier_Grouillard"
"130",130,"chiesa",NA,NA,"06/05/1964","Swiss","http://en.wikipedia.org/wiki/Andrea_Chiesa"
"131",131,"modena",NA,NA,"12/05/1963","Italian","http://en.wikipedia.org/wiki/Stefano_Modena"
"132",132,"amati",NA,NA,"20/07/1959","Italian","http://en.wikipedia.org/wiki/Giovanna_Amati"
"133",133,"caffi",NA,NA,"18/03/1964","Italian","http://en.wikipedia.org/wiki/Alex_Caffi"
"134",134,"bertaggia",NA,NA,"19/09/1964","Italian","http://en.wikipedia.org/wiki/Enrico_Bertaggia"
"135",135,"mccarthy",NA,NA,"03/03/1961","British","http://en.wikipedia.org/wiki/Perry_McCarthy"
"136",136,"lammers",NA,NA,"02/06/1956","Dutch","http://en.wikipedia.org/wiki/Jan_Lammers"
"137",137,"piquet",NA,NA,"17/08/1952","Brazilian","http://en.wikipedia.org/wiki/Nelson_Piquet"
"138",138,"satoru_nakajima",NA,NA,"23/02/1953","Japanese","http://en.wikipedia.org/wiki/Satoru_Nakajima"
"139",139,"pirro",NA,NA,"12/01/1962","Italian","http://en.wikipedia.org/wiki/Emanuele_Pirro"
"140",140,"johansson",NA,NA,"08/09/1956","Swedish","http://en.wikipedia.org/wiki/Stefan_Johansson"
"141",141,"bailey",NA,NA,"09/10/1961","British","http://en.wikipedia.org/wiki/Julian_Bailey"
"142",142,"chaves",NA,NA,"27/02/1965","Portuguese","http://en.wikipedia.org/wiki/Pedro_Chaves"
"143",143,"bartels",NA,NA,"08/03/1968","German","http://en.wikipedia.org/wiki/Michael_Bartels"
"144",144,"hattori",NA,NA,"13/06/1966","Japanese","http://en.wikipedia.org/wiki/Naoki_Hattori"
"145",145,"nannini",NA,NA,"07/07/1959","Italian","http://en.wikipedia.org/wiki/Alessandro_Nannini"
"146",146,"schneider",NA,NA,"20/07/1964","German","http://en.wikipedia.org/wiki/Bernd_Schneider_(racecar_driver)"
"147",147,"barilla",NA,NA,"20/04/1961","Italian","http://en.wikipedia.org/wiki/Paolo_Barilla"
"148",148,"foitek",NA,NA,"27/03/1965","Swiss","http://en.wikipedia.org/wiki/Gregor_Foitek"
"149",149,"langes",NA,NA,"20/07/1960","Italian","http://en.wikipedia.org/wiki/Claudio_Langes"
"150",150,"gary_brabham",NA,NA,"29/03/1961","Australian","http://en.wikipedia.org/wiki/Gary_Brabham"
"151",151,"donnelly",NA,NA,"26/03/1964","British","http://en.wikipedia.org/wiki/Martin_Donnelly_(racing_driver)"
"152",152,"giacomelli",NA,NA,"10/09/1952","Italian","http://en.wikipedia.org/wiki/Bruno_Giacomelli"
"153",153,"alguersuari",NA,"ALG","23/03/1990","Spanish","http://en.wikipedia.org/wiki/Jaime_Alguersuari"
"154",154,"grosjean",8,"GRO","17/04/1986","French","http://en.wikipedia.org/wiki/Romain_Grosjean"
"155",155,"kobayashi",10,"KOB","13/09/1986","Japanese","http://en.wikipedia.org/wiki/Kamui_Kobayashi"
"156",156,"palmer",NA,NA,"07/11/1956","British","http://en.wikipedia.org/wiki/Jonathan_Palmer"
"157",157,"danner",NA,NA,"04/04/1958","German","http://en.wikipedia.org/wiki/Christian_Danner"
"158",158,"cheever",NA,NA,"10/01/1958","American","http://en.wikipedia.org/wiki/Eddie_Cheever"
"159",159,"sala",NA,NA,"15/05/1959","Spanish","http://en.wikipedia.org/wiki/Luis_Perez-Sala"
"160",160,"ghinzani",NA,NA,"16/01/1952","Italian","http://en.wikipedia.org/wiki/Piercarlo_Ghinzani"
"161",161,"weidler",NA,NA,"18/03/1962","German","http://en.wikipedia.org/wiki/Volker_Weidler"
"162",162,"raphanel",NA,NA,"27/05/1961","French","http://en.wikipedia.org/wiki/Pierre-Henri_Raphanel"
"163",163,"arnoux",NA,NA,"04/07/1948","French","http://en.wikipedia.org/wiki/Ren%C3%A9_Arnoux"
"164",164,"joachim_winkelhock",NA,NA,"24/10/1960","German","http://en.wikipedia.org/wiki/Joachim_Winkelhock"
"165",165,"larrauri",NA,NA,"19/08/1954","Argentine","http://en.wikipedia.org/wiki/Oscar_Larrauri"
"166",166,"streiff",NA,NA,"26/06/1955","French","http://en.wikipedia.org/wiki/Philippe_Streiff"
"167",167,"campos",NA,NA,"17/06/1960","Spanish","http://en.wikipedia.org/wiki/Adri%C3%A1n_Campos"
"168",168,"schlesser",NA,NA,"12/09/1948","French","http://en.wikipedia.org/wiki/Jean-Louis_Schlesser"
"169",169,"fabre",NA,NA,"09/01/1960","French","http://en.wikipedia.org/wiki/Pascal_Fabre"
"170",170,"fabi",NA,NA,"09/03/1955","Italian","http://en.wikipedia.org/wiki/Teo_Fabi"
"171",171,"forini",NA,NA,"22/09/1958","Swiss","http://en.wikipedia.org/wiki/Franco_Forini"
"172",172,"laffite",NA,NA,"21/11/1943","French","http://en.wikipedia.org/wiki/Jacques_Laffite"
"173",173,"angelis",NA,NA,"26/03/1958","Italian","http://en.wikipedia.org/wiki/Elio_de_Angelis"
"174",174,"dumfries",NA,NA,"26/04/1958","British","http://en.wikipedia.org/wiki/Johnny_Dumfries"
"175",175,"tambay",NA,NA,"25/06/1949","French","http://en.wikipedia.org/wiki/Patrick_Tambay"
"176",176,"surer",NA,NA,"18/09/1951","Swiss","http://en.wikipedia.org/wiki/Marc_Surer"
"177",177,"keke_rosberg",NA,NA,"06/12/1948","Finnish","http://en.wikipedia.org/wiki/Keke_Rosberg"
"178",178,"jones",NA,NA,"02/11/1946","Australian","http://en.wikipedia.org/wiki/Alan_Jones_(Formula_1)"
"179",179,"rothengatter",NA,NA,"08/10/1954","Dutch","http://en.wikipedia.org/wiki/Huub_Rothengatter"
"180",180,"berg",NA,NA,"01/08/1961","Canadian","http://en.wikipedia.org/wiki/Allen_Berg"
"181",181,"manfred_winkelhock",NA,NA,"06/10/1951","German","http://en.wikipedia.org/wiki/Manfred_Winkelhock"
"182",182,"lauda",NA,NA,"22/02/1949","Austrian","http://en.wikipedia.org/wiki/Niki_Lauda"
"183",183,"hesnault",NA,NA,"30/12/1956","French","http://en.wikipedia.org/wiki/Fran%C3%A7ois_Hesnault"
"184",184,"baldi",NA,NA,"31/01/1954","Italian","http://en.wikipedia.org/wiki/Mauro_Baldi"
"185",185,"bellof",NA,NA,"20/11/1957","German","http://en.wikipedia.org/wiki/Stefan_Bellof"
"186",186,"acheson",NA,NA,"27/11/1957","British","http://en.wikipedia.org/wiki/Kenny_Acheson"
"187",187,"watson",NA,NA,"04/05/1946","British","http://en.wikipedia.org/wiki/John_Watson_(racing_driver)"
"188",188,"cecotto",NA,NA,"25/01/1956","Venezuelan","http://en.wikipedia.org/wiki/Johnny_Cecotto"
"189",189,"gartner",NA,NA,"24/01/1954","Austrian","http://en.wikipedia.org/wiki/Jo_Gartner"
"190",190,"corrado_fabi",NA,NA,"12/04/1961","Italian","http://en.wikipedia.org/wiki/Corrado_Fabi"
"191",191,"thackwell",NA,NA,"30/03/1961","New Zealander","http://en.wikipedia.org/wiki/Mike_Thackwell"
"192",192,"serra",NA,NA,"03/02/1957","Brazilian","http://en.wikipedia.org/wiki/Chico_Serra"
"193",193,"sullivan",NA,NA,"09/03/1950","American","http://en.wikipedia.org/wiki/Danny_Sullivan"
"194",194,"salazar",NA,NA,"14/11/1954","Chilean","http://en.wikipedia.org/wiki/Eliseo_Salazar"
"195",195,"guerrero",NA,NA,"16/11/1958","Colombian","http://en.wikipedia.org/wiki/Roberto_Guerrero"
"196",196,"boesel",NA,NA,"04/12/1957","Brazilian","http://en.wikipedia.org/wiki/Raul_Boesel"
"197",197,"jarier",NA,NA,"10/07/1946","French","http://en.wikipedia.org/wiki/Jean-Pierre_Jarier"
"198",198,"villeneuve_sr",NA,NA,"04/11/1953","Canadian","http://en.wikipedia.org/wiki/Jacques_Villeneuve_(elder)"
"199",199,"reutemann",NA,NA,"12/04/1942","Argentine","http://en.wikipedia.org/wiki/Carlos_Reutemann"
"200",200,"mass",NA,NA,"30/09/1946","German","http://en.wikipedia.org/wiki/Jochen_Mass"
"201",201,"borgudd",NA,NA,"25/11/1946","Swedish","http://en.wikipedia.org/wiki/Slim_Borgudd"
"202",202,"pironi",NA,NA,"26/03/1952","French","http://en.wikipedia.org/wiki/Didier_Pironi"
"203",203,"gilles_villeneuve",NA,NA,"18/01/1950","Canadian","http://en.wikipedia.org/wiki/Gilles_Villeneuve"
"204",204,"paletti",NA,NA,"15/06/1958","Italian","http://en.wikipedia.org/wiki/Riccardo_Paletti"
"205",205,"henton",NA,NA,"19/09/1946","British","http://en.wikipedia.org/wiki/Brian_Henton"
"206",206,"daly",NA,NA,"11/03/1953","Irish","http://en.wikipedia.org/wiki/Derek_Daly"
"207",207,"mario_andretti",NA,NA,"28/02/1940","American","http://en.wikipedia.org/wiki/Mario_Andretti"
"208",208,"villota",NA,NA,"26/07/1946","Spanish","http://en.wikipedia.org/wiki/Emilio_de_Villota"
"209",209,"lees",NA,NA,"01/05/1951","British","http://en.wikipedia.org/wiki/Geoff_Lees"
"210",210,"byrne",NA,NA,"06/05/1958","Irish","http://en.wikipedia.org/wiki/Tommy_Byrne_%28racing_driver%29"
"211",211,"keegan",NA,NA,"26/02/1955","British","http://en.wikipedia.org/wiki/Rupert_Keegan"
"212",212,"rebaque",NA,NA,"05/02/1956","Mexican","http://en.wikipedia.org/wiki/Hector_Rebaque"
"213",213,"gabbiani",NA,NA,"02/01/1957","Italian","http://en.wikipedia.org/wiki/Beppe_Gabbiani"
"214",214,"cogan",NA,NA,"31/03/1956","American","http://en.wikipedia.org/wiki/Kevin_Cogan"
"215",215,"guerra",NA,NA,"31/08/1953","Argentine","http://en.wikipedia.org/wiki/Miguel_Angel_Guerra"
"216",216,"stohr",NA,NA,"10/10/1952","Italian","http://en.wikipedia.org/wiki/Siegfried_Stohr"
"217",217,"zunino",NA,NA,"13/04/1949","Argentine","http://en.wikipedia.org/wiki/Ricardo_Zunino"
"218",218,"londono",NA,NA,"08/08/1949","Colombian","http://en.wikipedia.org/wiki/Ricardo_Londo%C3%B1o"
"219",219,"jabouille",NA,NA,"01/10/1942","French","http://en.wikipedia.org/wiki/Jean-Pierre_Jabouille"
"220",220,"francia",NA,NA,"08/11/1947","Italian","http://en.wikipedia.org/wiki/Giorgio_Francia"
"221",221,"depailler",NA,NA,"09/08/1944","French","http://en.wikipedia.org/wiki/Patrick_Depailler"
"222",222,"scheckter",NA,NA,"29/01/1950","South African","http://en.wikipedia.org/wiki/Jody_Scheckter"
"223",223,"regazzoni",NA,NA,"05/09/1939","Swiss","http://en.wikipedia.org/wiki/Clay_Regazzoni"
"224",224,"emerson_fittipaldi",NA,NA,"12/12/1946","Brazilian","http://en.wikipedia.org/wiki/Emerson_Fittipaldi"
"225",225,"kennedy",NA,NA,"15/01/1953","Irish","http://en.wikipedia.org/wiki/David_Kennedy_(racing_driver)"
"226",226,"south",NA,NA,"19/02/1952","British","http://en.wikipedia.org/wiki/Stephen_South"
"227",227,"needell",NA,NA,"29/10/1951","British","http://en.wikipedia.org/wiki/Tiff_Needell"
"228",228,"desire_wilson",NA,NA,"26/11/1953","South African","http://en.wikipedia.org/wiki/Desir%C3%A9_Wilson"
"229",229,"ertl",NA,NA,"31/08/1948","Austrian","http://en.wikipedia.org/wiki/Harald_Ertl"
"230",230,"brambilla",NA,NA,"11/11/1937","Italian","http://en.wikipedia.org/wiki/Vittorio_Brambilla"
"231",231,"hunt",NA,NA,"29/08/1947","British","http://en.wikipedia.org/wiki/James_Hunt"
"232",232,"merzario",NA,NA,"11/03/1943","Italian","http://en.wikipedia.org/wiki/Arturo_Merzario"
"233",233,"stuck",NA,NA,"01/01/1951","German","http://en.wikipedia.org/wiki/Hans_Joachim_Stuck"
"234",234,"brancatelli",NA,NA,"18/01/1950","Italian","http://en.wikipedia.org/wiki/Gianfranco_Brancatelli"
"235",235,"ickx",NA,NA,"01/01/1945","Belgian","http://en.wikipedia.org/wiki/Jacky_Ickx"
"236",236,"gaillard",NA,NA,"12/02/1952","French","http://en.wikipedia.org/wiki/Patrick_Gaillard"
"237",237,"ribeiro",NA,NA,"07/11/1948","Brazilian","http://en.wikipedia.org/wiki/Alex_Ribeiro"
"238",238,"peterson",NA,NA,"14/02/1944","Swedish","http://en.wikipedia.org/wiki/Ronnie_Peterson"
"239",239,"lunger",NA,NA,"14/11/1945","American","http://en.wikipedia.org/wiki/Brett_Lunger"
"240",240,"ongais",NA,NA,"21/05/1942","American","http://en.wikipedia.org/wiki/Danny_Ongais"
"241",241,"leoni",NA,NA,"24/05/1953","Italian","http://en.wikipedia.org/wiki/Lamberto_Leoni"
"242",242,"galica",NA,NA,"13/08/1944","British","http://en.wikipedia.org/wiki/Divina_Galica"
"243",243,"stommelen",NA,NA,"11/07/1943","German","http://en.wikipedia.org/wiki/Rolf_Stommelen"
"244",244,"colombo",NA,NA,"23/02/1946","Italian","http://en.wikipedia.org/wiki/Alberto_Colombo"
"245",245,"trimmer",NA,NA,"24/01/1943","British","http://en.wikipedia.org/wiki/Tony_Trimmer"
"246",246,"binder",NA,NA,"12/06/1948","Austrian","http://en.wikipedia.org/wiki/Hans_Binder"
"247",247,"bleekemolen",NA,NA,"02/10/1949","Dutch","http://en.wikipedia.org/wiki/Michael_Bleekemolen"
"248",248,"gimax",NA,NA,"01/01/1938","Italian","http://en.wikipedia.org/wiki/Gimax"
"249",249,"rahal",NA,NA,"10/01/1953","American","http://en.wikipedia.org/wiki/Bobby_Rahal"
"250",250,"pace",NA,NA,"06/10/1944","Brazilian","http://en.wikipedia.org/wiki/Carlos_Pace"
"251",251,"ian_scheckter",NA,NA,"22/08/1947","South African","http://en.wikipedia.org/wiki/Ian_Scheckter"
"252",252,"pryce",NA,NA,"11/06/1949","British","http://en.wikipedia.org/wiki/Tom_Pryce"
"253",253,"hoffmann",NA,NA,"28/02/1953","Brazilian","http://en.wikipedia.org/wiki/Ingo_Hoffmann"
"254",254,"zorzi",NA,NA,"12/12/1946","Italian","http://en.wikipedia.org/wiki/Renzo_Zorzi"
"255",255,"nilsson",NA,NA,"20/11/1948","Swedish","http://en.wikipedia.org/wiki/Gunnar_Nilsson"
"256",256,"perkins",NA,NA,"18/03/1950","Australian","http://en.wikipedia.org/wiki/Larry_Perkins"
"257",257,"hayje",NA,NA,"03/05/1949","Dutch","http://en.wikipedia.org/wiki/Boy_Hayje"
"258",258,"neve",NA,NA,"13/10/1949","Belgian","http://en.wikipedia.org/wiki/Patrick_Neve"
"259",259,"purley",NA,NA,"26/01/1945","British","http://en.wikipedia.org/wiki/David_Purley"
"260",260,"andersson",NA,NA,"28/12/1939","Swedish","http://en.wikipedia.org/wiki/Conny_Andersson_(racing_driver)"
"261",261,"dryver",NA,NA,"19/09/1952","Belgian","http://en.wikipedia.org/wiki/Bernard_de_Dryver"
"262",262,"oliver",NA,NA,"14/08/1942","British","http://en.wikipedia.org/wiki/Jackie_Oliver"
"263",263,"kozarowitzky",NA,NA,"17/05/1948","Finnish","http://en.wikipedia.org/wiki/Mikko_Kozarowitzky"
"264",264,"sutcliffe",NA,NA,"09/05/1947","British","http://en.wikipedia.org/wiki/Andy_Sutcliffe"
"265",265,"edwards",NA,NA,"30/12/1942","British","http://en.wikipedia.org/wiki/Guy_Edwards"
"266",266,"mcguire",NA,NA,"13/12/1945","Australian","http://en.wikipedia.org/wiki/Brian_McGuire"
"267",267,"schuppan",NA,NA,"19/03/1943","Australian","http://en.wikipedia.org/wiki/Vern_Schuppan"
"268",268,"heyer",NA,NA,"16/03/1943","German","http://en.wikipedia.org/wiki/Hans_Heyer"
"269",269,"pilette",NA,NA,"26/07/1942","Belgian","http://en.wikipedia.org/wiki/Teddy_Pilette"
"270",270,"ashley",NA,NA,"26/10/1947","British","http://en.wikipedia.org/wiki/Ian_Ashley"
"271",271,"kessel",NA,NA,"01/04/1950","Swiss","http://en.wikipedia.org/wiki/Loris_Kessel"
"272",272,"takahashi",NA,NA,"29/01/1940","Japanese","http://en.wikipedia.org/wiki/Kunimitsu_Takahashi"
"273",273,"hoshino",NA,NA,"01/07/1947","Japanese","http://en.wikipedia.org/wiki/Kazuyoshi_Hoshino"
"274",274,"takahara",NA,NA,"06/06/1951","Japanese","http://en.wikipedia.org/wiki/Noritake_Takahara"
"275",275,"lombardi",NA,NA,"26/03/1941","Italian","http://en.wikipedia.org/wiki/Lella_Lombardi"
"276",276,"evans",NA,NA,"11/06/1947","British","http://en.wikipedia.org/wiki/Bob_Evans_(race_driver)"
"277",277,"leclere",NA,NA,"18/03/1946","French","http://en.wikipedia.org/wiki/Michel_Lecl%C3%A8re"
"278",278,"amon",NA,NA,"20/07/1943","New Zealander","http://en.wikipedia.org/wiki/Chris_Amon"
"279",279,"zapico",NA,NA,"27/05/1944","Spanish","http://en.wikipedia.org/wiki/Emilio_Zapico"
"280",280,"pescarolo",NA,NA,"25/09/1942","French","http://en.wikipedia.org/wiki/Henri_Pescarolo"
"281",281,"nelleman",NA,NA,"19/04/1944","Danish","http://en.wikipedia.org/wiki/Jac_Nelleman"
"282",282,"magee",NA,NA,"17/11/1945","British","http://en.wikipedia.org/wiki/Damien_Magee"
"283",283,"wilds",NA,NA,"07/01/1946","British","http://en.wikipedia.org/wiki/Mike_Wilds"
"284",284,"pesenti_rossi",NA,NA,"31/08/1942","Italian","http://en.wikipedia.org/wiki/Alessandro_Pesenti-Rossi"
"285",285,"stuppacher",NA,NA,"03/03/1947","Austrian","http://en.wikipedia.org/wiki/Otto_Stuppacher"
"286",286,"brown",NA,NA,"24/12/1949","Australian","http://en.wikipedia.org/wiki/Warwick_Brown"
"287",287,"hasemi",NA,NA,"13/11/1945","Japanese","http://en.wikipedia.org/wiki/Masahiro_Hasemi"
"288",288,"donohue",NA,NA,"18/03/1937","American","http://en.wikipedia.org/wiki/Mark_Donohue"
"289",289,"hill",NA,NA,"15/02/1929","British","http://en.wikipedia.org/wiki/Graham_Hill"
"290",290,"wilson_fittipaldi",NA,NA,"25/12/1943","Brazilian","http://en.wikipedia.org/wiki/Wilson_Fittipaldi"
"291",291,"tunmer",NA,NA,"01/12/1948","South African","http://en.wikipedia.org/wiki/Guy_Tunmer"
"292",292,"keizan",NA,NA,"12/09/1944","South African","http://en.wikipedia.org/wiki/Eddie_Keizan"
"293",293,"charlton",NA,NA,"27/10/1936","South African","http://en.wikipedia.org/wiki/Dave_Charlton"
"294",294,"brise",NA,NA,"28/03/1952","British","http://en.wikipedia.org/wiki/Tony_Brise"
"295",295,"wunderink",NA,NA,"12/12/1948","Dutch","http://en.wikipedia.org/wiki/Roelof_Wunderink"
"296",296,"migault",NA,NA,"04/12/1944","French","http://en.wikipedia.org/wiki/Fran%C3%A7ois_Migault"
"297",297,"palm",NA,NA,"23/07/1947","Swedish","http://en.wikipedia.org/wiki/Torsten_Palm"
"298",298,"lennep",NA,NA,"16/03/1942","Dutch","http://en.wikipedia.org/wiki/Gijs_Van_Lennep"
"299",299,"fushida",NA,NA,"10/03/1946","Japanese","http://en.wikipedia.org/wiki/Hiroshi_Fushida"
"300",300,"nicholson",NA,NA,"06/10/1941","New Zealander","http://en.wikipedia.org/wiki/John_Nicholson_(racing_driver)"
"301",301,"morgan",NA,NA,"07/08/1944","British","http://en.wikipedia.org/wiki/Dave_Morgan_(racing_driver)"
"302",302,"crawford",NA,NA,"13/02/1948","British","http://en.wikipedia.org/wiki/Jim_Crawford_(driver)"
"303",303,"vonlanthen",NA,NA,"31/05/1942","Swiss","http://en.wikipedia.org/wiki/Jo_Vonlanthen"
"304",304,"hulme",NA,NA,"18/06/1936","New Zealander","http://en.wikipedia.org/wiki/Denny_Hulme"
"305",305,"hailwood",NA,NA,"02/04/1940","British","http://en.wikipedia.org/wiki/Mike_Hailwood"
"306",306,"beltoise",NA,NA,"26/04/1937","French","http://en.wikipedia.org/wiki/Jean-Pierre_Beltoise"
"307",307,"ganley",NA,NA,"24/12/1941","New Zealander","http://en.wikipedia.org/wiki/Howden_Ganley"
"308",308,"robarts",NA,NA,"22/09/1944","British","http://en.wikipedia.org/wiki/Richard_Robarts"
"309",309,"revson",NA,NA,"27/02/1939","American","http://en.wikipedia.org/wiki/Peter_Revson"
"310",310,"driver",NA,NA,"13/05/1934","South African","http://en.wikipedia.org/wiki/Paddy_Driver"
"311",311,"belso",NA,NA,"27/08/1942","Danish","http://en.wikipedia.org/wiki/Tom_Bels%C3%B8"
"312",312,"redman",NA,NA,"09/03/1937","British","http://en.wikipedia.org/wiki/Brian_Redman"
"313",313,"opel",NA,NA,"14/10/1947","Liechtensteiner","http://en.wikipedia.org/wiki/Rikky_von_Opel"
"314",314,"schenken",NA,NA,"26/09/1943","Australian","http://en.wikipedia.org/wiki/Tim_Schenken"
"315",315,"larrousse",NA,NA,"23/05/1940","French","http://en.wikipedia.org/wiki/G%C3%A9rard_Larrousse"
"316",316,"kinnunen",NA,NA,"05/08/1943","Finnish","http://en.wikipedia.org/wiki/Leo_Kinnunen"
"317",317,"wisell",NA,NA,"30/09/1941","Swedish","http://en.wikipedia.org/wiki/Reine_Wisell"
"318",318,"roos",NA,NA,"12/10/1943","Swedish","http://en.wikipedia.org/wiki/Bertil_Roos"
"319",319,"dolhem",NA,NA,"26/04/1944","French","http://en.wikipedia.org/wiki/Jos%C3%A9_Dolhem"
"320",320,"gethin",NA,NA,"21/02/1940","British","http://en.wikipedia.org/wiki/Peter_Gethin"
"321",321,"bell",NA,NA,"31/10/1941","British","http://en.wikipedia.org/wiki/Derek_Bell_(auto_racer)"
"322",322,"hobbs",NA,NA,"09/06/1939","British","http://en.wikipedia.org/wiki/David_Hobbs_(racing_driver)"
"323",323,"quester",NA,NA,"30/05/1939","Austrian","http://en.wikipedia.org/wiki/Dieter_Quester"
"324",324,"koinigg",NA,NA,"03/11/1948","Austrian","http://en.wikipedia.org/wiki/Helmuth_Koinigg"
"325",325,"facetti",NA,NA,"26/06/1935","Italian","http://en.wikipedia.org/wiki/Carlo_Facetti"
"326",326,"wietzes",NA,NA,"28/05/1938","Canadian","http://en.wikipedia.org/wiki/Eppie_Wietzes"
"327",327,"cevert",NA,NA,"25/02/1944","French","http://en.wikipedia.org/wiki/Fran%C3%A7ois_Cevert"
"328",328,"stewart",NA,NA,"11/06/1939","British","http://en.wikipedia.org/wiki/Jackie_Stewart"
"329",329,"beuttler",NA,NA,"13/04/1940","British","http://en.wikipedia.org/wiki/Mike_Beuttler"
"330",330,"galli",NA,NA,"02/10/1940","Italian","http://en.wikipedia.org/wiki/Nanni_Galli"
"331",331,"bueno",NA,NA,"16/01/1937","Brazilian","http://en.wikipedia.org/wiki/Luiz_Bueno"
"332",332,"follmer",NA,NA,"27/01/1934","American","http://en.wikipedia.org/wiki/George_Follmer"
"333",333,"adamich",NA,NA,"03/10/1941","Italian","http://en.wikipedia.org/wiki/Andrea_de_Adamich"
"334",334,"pretorius",NA,NA,"22/11/1934","South African","http://en.wikipedia.org/wiki/Jackie_Pretorius"
"335",335,"williamson",NA,NA,"02/02/1948","British","http://en.wikipedia.org/wiki/Roger_Williamson"
"336",336,"mcrae",NA,NA,"05/03/1940","New Zealander","http://en.wikipedia.org/wiki/Graham_McRae"
"337",337,"marko",NA,NA,"27/04/1943","Austrian","http://en.wikipedia.org/wiki/Helmut_Marko"
"338",338,"walker",NA,NA,"10/06/1941","Australian","http://en.wikipedia.org/wiki/David_Walker_(racing_driver)"
"339",339,"roig",NA,NA,"29/10/1932","Spanish","http://en.wikipedia.org/wiki/Alex_Soler-Roig"
"340",340,"love",NA,NA,"07/12/1924","Rhodesian","http://en.wikipedia.org/wiki/John_Love_(racing_driver)"
"341",341,"surtees",NA,NA,"11/02/1934","British","http://en.wikipedia.org/wiki/John_Surtees"
"342",342,"barber",NA,NA,"16/11/1936","American","http://en.wikipedia.org/wiki/Skip_Barber"
"343",343,"brack",NA,NA,"26/12/1935","Canadian","http://en.wikipedia.org/wiki/Bill_Brack"
"344",344,"posey",NA,NA,"26/05/1944","American","http://en.wikipedia.org/wiki/Sam_Posey"
"345",345,"rodriguez",NA,NA,"18/01/1940","Mexican","http://en.wikipedia.org/wiki/Pedro_Rodr%C3%ADguez_(racing_driver)"
"346",346,"siffert",NA,NA,"07/07/1936","Swiss","http://en.wikipedia.org/wiki/Jo_Siffert"
"347",347,"bonnier",NA,NA,"31/01/1930","Swedish","http://en.wikipedia.org/wiki/Joakim_Bonnier"
"348",348,"mazet",NA,NA,"24/02/1943","French","http://en.wikipedia.org/wiki/Fran%C3%A7ois_Mazet"
"349",349,"jean",NA,NA,"27/07/1943","French","http://en.wikipedia.org/wiki/Max_Jean"
"350",350,"elford",NA,NA,"10/06/1935","British","http://en.wikipedia.org/wiki/Vic_Elford"
"351",351,"moser",NA,NA,"24/04/1941","Swiss","http://en.wikipedia.org/wiki/Silvio_Moser"
"352",352,"eaton",NA,NA,"12/11/1945","Canadian","http://en.wikipedia.org/wiki/George_Eaton"
"353",353,"lovely",NA,NA,"11/04/1926","American","http://en.wikipedia.org/wiki/Pete_Lovely"
"354",354,"craft",NA,NA,"17/11/1939","British","http://en.wikipedia.org/wiki/Chris_Craft_(racing_driver)"
"355",355,"Cannoc",NA,NA,"21/06/1933","Canadian","http://en.wikipedia.org/wiki/John_Cannon_(auto_racer)"
"356",356,"jack_brabham",NA,NA,"02/04/1926","Australian","http://en.wikipedia.org/wiki/Jack_Brabham"
"357",357,"miles",NA,NA,"14/06/1943","British","http://en.wikipedia.org/wiki/John_Miles_(auto_racer)"
"358",358,"rindt",NA,NA,"18/04/1942","Austrian","http://en.wikipedia.org/wiki/Jochen_Rindt"
"359",359,"gavin",NA,NA,"18/01/1942","French","http://en.wikipedia.org/wiki/Johnny_Servoz-Gavin"
"360",360,"mclaren",NA,NA,"30/08/1937","New Zealander","http://en.wikipedia.org/wiki/Bruce_McLaren"
"361",361,"courage",NA,NA,"27/05/1942","British","http://en.wikipedia.org/wiki/Piers_Courage"
"362",362,"klerk",NA,NA,"16/03/1935","South African","http://en.wikipedia.org/wiki/Peter_de_Klerk"
"363",363,"giunti",NA,NA,"30/08/1941","Italian","http://en.wikipedia.org/wiki/Ignazio_Giunti"
"364",364,"gurney",NA,NA,"13/04/1931","American","http://en.wikipedia.org/wiki/Dan_Gurney"
"365",365,"hahne",NA,NA,"28/03/1935","German","http://en.wikipedia.org/wiki/Hubert_Hahne"
"366",366,"hutchison",NA,NA,"26/04/1937","American","http://en.wikipedia.org/wiki/Gus_Hutchison"
"367",367,"westbury",NA,NA,"26/05/1938","British","http://en.wikipedia.org/wiki/Peter_Westbury"
"368",368,"tingle",NA,NA,"24/08/1921","Rhodesian","http://en.wikipedia.org/wiki/Sam_Tingle"
"369",369,"rooyen",NA,NA,"19/04/1939","South African","http://en.wikipedia.org/wiki/Basil_van_Rooyen"
"370",370,"attwood",NA,NA,"04/04/1940","British","http://en.wikipedia.org/wiki/Richard_Attwood"
"371",371,"pease",NA,NA,"15/10/1921","Canadian","http://en.wikipedia.org/wiki/Al_Pease"
"372",372,"cordts",NA,NA,"23/07/1935","Canadian","http://en.wikipedia.org/wiki/John_Cordts"
"373",373,"clark",NA,NA,"04/03/1936","British","http://en.wikipedia.org/wiki/Jim_Clark"
"374",374,"spence",NA,NA,"30/12/1936","British","http://en.wikipedia.org/wiki/Mike_Spence"
"375",375,"scarfiotti",NA,NA,"18/10/1933","Italian","http://en.wikipedia.org/wiki/Ludovico_Scarfiotti"
"376",376,"bianchi",NA,"BIA","10/11/1934","Belgian","http://en.wikipedia.org/wiki/Lucien_Bianchi"
"377",377,"jo_schlesser",NA,NA,"18/05/1928","French","http://en.wikipedia.org/wiki/Jo_Schlesser"
"378",378,"widdows",NA,NA,"27/05/1942","British","http://en.wikipedia.org/wiki/Robin_Widdows"
"379",379,"ahrens",NA,NA,"19/04/1940","German","http://en.wikipedia.org/wiki/Kurt_Ahrens,_Jr."
"380",380,"gardner",NA,NA,"01/10/1930","Australian","http://en.wikipedia.org/wiki/Frank_Gardner_(driver)"
"381",381,"unser",NA,NA,"20/02/1934","American","http://en.wikipedia.org/wiki/Bobby_Unser"
"382",382,"solana",NA,NA,"26/12/1935","Mexican","http://en.wikipedia.org/wiki/Mois%C3%A9s_Solana"
"383",383,"anderson",NA,NA,"19/05/1931","British","http://en.wikipedia.org/wiki/Bob_Anderson_(racing_driver)"
"384",384,"botha",NA,NA,"16/01/1930","South African","http://en.wikipedia.org/wiki/Luki_Botha"
"385",385,"bandini",NA,NA,"21/12/1935","Italian","http://en.wikipedia.org/wiki/Lorenzo_Bandini"
"386",386,"ginther",NA,NA,"05/08/1930","American","http://en.wikipedia.org/wiki/Richie_Ginther"
"387",387,"parkes",NA,NA,"24/09/1931","British","http://en.wikipedia.org/wiki/Mike_Parkes"
"388",388,"irwin",NA,NA,"27/06/1942","British","http://en.wikipedia.org/wiki/Chris_Irwin"
"389",389,"ligier",NA,NA,"12/07/1930","French","http://en.wikipedia.org/wiki/Guy_Ligier"
"390",390,"rees",NA,NA,"12/01/1938","British","http://en.wikipedia.org/wiki/Alan_Rees_(racing_driver)"
"391",391,"hart",NA,NA,"07/09/1936","British","http://en.wikipedia.org/wiki/Brian_Hart"
"392",392,"fisher",NA,NA,"13/03/1943","American","http://en.wikipedia.org/wiki/Mike_Fisher_(driver)"
"393",393,"tom_jones",NA,NA,"26/04/1943","American","http://en.wikipedia.org/wiki/Tom_Jones_(auto_racer)"
"394",394,"baghetti",NA,NA,"25/12/1934","Italian","http://en.wikipedia.org/wiki/Giancarlo_Baghetti"
"395",395,"williams",NA,NA,"26/10/1942","British","http://en.wikipedia.org/wiki/Jonathan_Williams_(racing_driver)"
"396",396,"bondurant",NA,NA,"27/04/1933","American","http://en.wikipedia.org/wiki/Bob_Bondurant"
"397",397,"arundell",NA,NA,"08/11/1933","British","http://en.wikipedia.org/wiki/Peter_Arundell"
"398",398,"vic_wilson",NA,NA,"14/04/1931","British","http://en.wikipedia.org/wiki/Vic_Wilson_(motor_racing_driver)"
"399",399,"taylor",NA,NA,"23/03/1933","British","http://en.wikipedia.org/wiki/John_Taylor_(racer)"
"400",400,"lawrence",NA,NA,"27/07/1933","British","http://en.wikipedia.org/wiki/Chris_Lawrence_(racing_driver)"
"401",401,"trevor_taylor",NA,NA,"26/12/1936","British","http://en.wikipedia.org/wiki/Trevor_Taylor"
"402",402,"geki",NA,NA,"23/10/1937","Italian","http://en.wikipedia.org/wiki/Geki_(driver)"
"403",403,"phil_hill",NA,NA,"20/04/1927","American","http://en.wikipedia.org/wiki/Phil_Hill"
"404",404,"ireland",NA,NA,"12/06/1930","British","http://en.wikipedia.org/wiki/Innes_Ireland"
"405",405,"bucknum",NA,NA,"05/04/1936","American","http://en.wikipedia.org/wiki/Ronnie_Bucknum"
"406",406,"hawkins",NA,NA,"12/10/1937","Australian","http://en.wikipedia.org/wiki/Paul_Hawkins_(racing_driver)"
"407",407,"prophet",NA,NA,"09/10/1937","British","http://en.wikipedia.org/wiki/David_Prophet"
"408",408,"maggs",NA,NA,"09/02/1937","South African","http://en.wikipedia.org/wiki/Tony_Maggs"
"409",409,"blokdyk",NA,NA,"30/11/1935","South African","http://en.wikipedia.org/wiki/Trevor_Blokdyk"
"410",410,"lederle",NA,NA,"25/09/1938","South African","http://en.wikipedia.org/wiki/Neville_Lederle"
"411",411,"serrurier",NA,NA,"09/12/1920","South African","http://en.wikipedia.org/wiki/Doug_Serrurier"
"412",412,"niemann",NA,NA,"07/01/1939","South African","http://en.wikipedia.org/wiki/Brausch_Niemann"
"413",413,"pieterse",NA,NA,"04/07/1938","South African","http://en.wikipedia.org/wiki/Ernie_Pieterse"
"414",414,"puzey",NA,NA,"11/07/1941","Rhodesian","http://en.wikipedia.org/wiki/Clive_Puzey"
"415",415,"reed",NA,NA,NA,"South African","http://en.wikipedia.org/wiki/Ray_Reed"
"416",416,"clapham",NA,NA,"18/05/1931","South African","http://en.wikipedia.org/wiki/David_Clapham"
"417",417,"blignaut",NA,NA,"30/11/1932","South African","http://en.wikipedia.org/wiki/Alex_Blignaut"
"418",418,"gregory",NA,NA,"29/02/1932","American","http://en.wikipedia.org/wiki/Masten_Gregory"
"419",419,"rhodes",NA,NA,"18/08/1927","British","http://en.wikipedia.org/wiki/John_Rhodes_(driver)"
"420",420,"raby",NA,NA,"22/09/1921","British","http://en.wikipedia.org/wiki/Ian_Raby"
"421",421,"rollinson",NA,NA,"15/05/1943","British","http://en.wikipedia.org/wiki/Alan_Rollinson"
"422",422,"gubby",NA,NA,"17/04/1934","British","http://en.wikipedia.org/wiki/Brian_Gubby"
"423",423,"mitter",NA,NA,"30/08/1935","German","http://en.wikipedia.org/wiki/Gerhard_Mitter"
"424",424,"bussinello",NA,NA,"04/10/1927","Italian","http://en.wikipedia.org/wiki/Roberto_Bussinello"
"425",425,"vaccarella",NA,NA,"04/03/1933","Italian","http://en.wikipedia.org/wiki/Nino_Vaccarella"
"426",426,"bassi",NA,NA,"20/01/1934","Italian","http://en.wikipedia.org/wiki/Giorgio_Bassi"
"427",427,"trintignant",NA,NA,"30/10/1917","French","http://en.wikipedia.org/wiki/Maurice_Trintignant"
"428",428,"collomb",NA,NA,"07/10/1930","French","http://en.wikipedia.org/wiki/Bernard_Collomb"
"429",429,"andre_pilette",NA,NA,"06/10/1918","Belgian","http://en.wikipedia.org/wiki/Andr%C3%A9_Pilette"
"430",430,"beaufort",NA,NA,"10/04/1934","Dutch","http://en.wikipedia.org/wiki/Carel_Godin_de_Beaufort"
"431",431,"barth",NA,NA,"26/01/1917","German","http://en.wikipedia.org/wiki/Edgar_Barth"
"432",432,"cabral",NA,NA,"15/01/1934","Portuguese","http://en.wikipedia.org/wiki/Mario_de_Araujo_Cabral"
"433",433,"hansgen",NA,NA,"28/10/1919","American","http://en.wikipedia.org/wiki/Walt_Hansgen"
"434",434,"sharp",NA,NA,"01/01/1928","American","http://en.wikipedia.org/wiki/Hap_Sharp"
"435",435,"mairesse",NA,NA,"01/10/1928","Belgian","http://en.wikipedia.org/wiki/Willy_Mairesse"
"436",436,"campbell-jones",NA,NA,"21/01/1930","British","http://en.wikipedia.org/wiki/John_Campbell-Jones"
"437",437,"burgess",NA,NA,"06/07/1930","British","http://en.wikipedia.org/wiki/Ian_Burgess"
"438",438,"settember",NA,NA,"10/07/1926","American","http://en.wikipedia.org/wiki/Tony_Settember"
"439",439,"estefano",NA,NA,"18/11/1932","Argentine","http://en.wikipedia.org/wiki/Nasif_Est%C3%A9fano"
"440",440,"hall",NA,NA,"23/07/1935","American","http://en.wikipedia.org/wiki/Jim_Hall_(race_car_driver)"
"441",441,"parnell",NA,NA,"25/06/1932","British","http://en.wikipedia.org/wiki/Tim_Parnell"
"442",442,"kuhnke",NA,NA,"30/04/1910","German","http://en.wikipedia.org/wiki/Kurt_Kuhnke"
"443",443,"ernesto_brambilla",NA,NA,"31/01/1934","Italian","http://en.wikipedia.org/wiki/Ernesto_Brambilla"
"444",444,"lippi",NA,NA,"17/10/1926","Italian","http://en.wikipedia.org/wiki/Roberto_Lippi"
"445",445,"seiffert",NA,NA,"18/10/1937","German","http://en.wikipedia.org/wiki/G%C3%BCnther_Seiffert"
"446",446,"abate",NA,NA,"10/07/1932","Italian","http://en.wikipedia.org/wiki/Carlo_Mario_Abate"
"447",447,"starrabba",NA,NA,"03/12/1932","Italian","http://en.wikipedia.org/wiki/Gaetano_Starrabba"
"448",448,"broeker",NA,NA,"15/05/1926","Canadian","http://en.wikipedia.org/wiki/Peter_Broeker"
"449",449,"ward",NA,NA,"10/01/1921","American","http://en.wikipedia.org/wiki/Rodger_Ward"
"450",450,"vos",NA,NA,"01/07/1941","Dutch","http://en.wikipedia.org/wiki/Ernie_de_Vos"
"451",451,"dochnal",NA,NA,"08/10/1920","American","http://en.wikipedia.org/wiki/Frank_Dochnal"
"452",452,"monarch",NA,NA,"03/09/1945","American",NA
"453",842,"gasly",10,"GAS","07/02/1996","French","http://en.wikipedia.org/wiki/Pierre_Gasly"
"454",453,"lewis",NA,NA,"01/11/1936","British","http://en.wikipedia.org/wiki/Jackie_Lewis"
"455",454,"ricardo_rodriguez",NA,NA,"14/02/1942","Mexican","http://en.wikipedia.org/wiki/Ricardo_Rodr%C3%ADguez_(Formula_One)"
"456",455,"seidel",NA,NA,"04/07/1926","German","http://en.wikipedia.org/wiki/Wolfgang_Seidel"
"457",456,"salvadori",NA,NA,"12/05/1922","British","http://en.wikipedia.org/wiki/Roy_Salvadori"
"458",457,"pon",NA,NA,"09/12/1936","Dutch","http://en.wikipedia.org/wiki/Ben_Pon"
"459",458,"slotemaker",NA,NA,"13/06/1929","Dutch","http://en.wikipedia.org/wiki/Rob_Slotemaker"
"460",459,"marsh",NA,NA,"20/07/1931","British","http://en.wikipedia.org/wiki/Tony_Marsh_(racing_driver)"
"461",460,"ashmore",NA,NA,"25/07/1936","British","http://en.wikipedia.org/wiki/Gerry_Ashmore"
"462",461,"schiller",NA,NA,"25/01/1930","Swiss","http://en.wikipedia.org/wiki/Heinz_Schiller"
"463",462,"davis",NA,NA,"29/07/1933","British","http://en.wikipedia.org/wiki/Colin_Davis_(driver)"
"464",463,"chamberlain",NA,NA,"29/12/1925","American","http://en.wikipedia.org/wiki/Jay_Chamberlain"
"465",464,"shelly",NA,NA,"02/02/1937","New Zealander","http://en.wikipedia.org/wiki/Tony_Shelly"
"466",465,"greene",NA,NA,"05/01/1938","British","http://en.wikipedia.org/wiki/Keith_Greene"
"467",466,"walter",NA,NA,"28/07/1927","Swiss","http://en.wikipedia.org/wiki/Heini_Walter"
"468",467,"prinoth",NA,NA,"15/04/1923","Italian","http://en.wikipedia.org/wiki/Ernesto_Prinoth"
"469",468,"penske",NA,NA,"20/02/1937","American","http://en.wikipedia.org/wiki/Roger_Penske"
"470",469,"schroeder",NA,NA,"11/05/1926","British","http://en.wikipedia.org/wiki/Rob_Schroeder"
"471",470,"mayer",NA,NA,"22/02/1938","American","http://en.wikipedia.org/wiki/Timmy_Mayer"
"472",471,"johnstone",NA,NA,"30/01/1937","South African","http://en.wikipedia.org/wiki/Bruce_Johnstone_(racing_driver)"
"473",472,"harris",NA,NA,"25/05/1939","South African","http://en.wikipedia.org/wiki/Mike_Harris_(race_car_driver)"
"474",473,"hocking",NA,NA,"30/09/1937","Rhodesian","http://en.wikipedia.org/wiki/Gary_Hocking"
"475",474,"vyver",NA,NA,"01/06/1920","South African","http://en.wikipedia.org/wiki/Syd_van_der_Vyver"
"476",475,"moss",NA,NA,"17/09/1929","British","http://en.wikipedia.org/wiki/Stirling_Moss"
"477",476,"trips",NA,NA,"04/05/1928","German","http://en.wikipedia.org/wiki/Wolfgang_Graf_Berghe_von_Trips"
"478",477,"allison",NA,NA,"08/02/1932","British","http://en.wikipedia.org/wiki/Cliff_Allison"
"479",478,"herrmann",NA,NA,"23/02/1928","German","http://en.wikipedia.org/wiki/Hans_Herrmann"
"480",479,"brooks",NA,NA,"25/02/1932","British","http://en.wikipedia.org/wiki/Tony_Brooks"
"481",480,"may",NA,NA,"18/08/1934","Swiss","http://en.wikipedia.org/wiki/Michael_May_(racing_driver)"
"482",481,"henry_taylor",NA,NA,"16/12/1932","British","http://en.wikipedia.org/wiki/Henry_Taylor_(racing_driver)"
"483",482,"gendebien",NA,NA,"12/01/1924","Belgian","http://en.wikipedia.org/wiki/Olivier_Gendebien"
"484",483,"scarlatti",NA,NA,"02/10/1921","Italian","http://en.wikipedia.org/wiki/Giorgio_Scarlatti"
"485",484,"naylor",NA,NA,"24/03/1923","British","http://en.wikipedia.org/wiki/Brian_Naylor"
"486",485,"bordeu",NA,NA,"28/01/1934","Argentine","http://en.wikipedia.org/wiki/Juan_Manuel_Bordeu"
"487",486,"fairman",NA,NA,"15/03/1913","British","http://en.wikipedia.org/wiki/Jack_Fairman"
"488",487,"natili",NA,NA,"28/07/1935","Italian","http://en.wikipedia.org/wiki/Massimo_Natili"
"489",488,"monteverdi",NA,NA,"07/06/1934","Swiss","http://en.wikipedia.org/wiki/Peter_Monteverdi"
"490",489,"pirocchi",NA,NA,"26/03/1933","Italian","http://en.wikipedia.org/wiki/Renato_Pirocchi"
"491",490,"duke",NA,NA,"29/03/1923","British","http://en.wikipedia.org/wiki/Geoff_Duke"
"492",491,"thiele",NA,NA,"05/04/1920","American-Italian","http://en.wikipedia.org/wiki/Alfonso_Thiele"
"493",492,"boffa",NA,NA,"04/01/1930","Italian","http://en.wikipedia.org/wiki/Menato_Boffa"
"494",493,"ryan",NA,NA,"10/06/1940","Canadian","http://en.wikipedia.org/wiki/Peter_Ryan_(driver)"
"495",494,"ruby",NA,NA,"12/01/1928","American","http://en.wikipedia.org/wiki/Lloyd_Ruby"
"496",495,"ken_miles",NA,NA,"01/11/1918","British","http://en.wikipedia.org/wiki/Ken_Miles"
"497",496,"menditeguy",NA,NA,"10/08/1914","Argentine","http://en.wikipedia.org/wiki/Carlos_Menditeguy"
"498",497,"larreta",NA,NA,"14/01/1934","Argentine","http://en.wikipedia.org/wiki/Alberto_Rodriguez_Larreta"
"499",498,"gonzalez",NA,NA,"05/10/1922","Argentine","http://en.wikipedia.org/wiki/Jos%C3%A9_Froil%C3%A1n_Gonz%C3%A1lez"
"500",499,"bonomi",NA,NA,"30/09/1919","Argentine","http://en.wikipedia.org/wiki/Roberto_Bonomi"
"501",500,"munaron",NA,NA,"02/04/1928","Italian","http://en.wikipedia.org/wiki/Gino_Munaron"
"502",501,"schell",NA,NA,"29/06/1921","American","http://en.wikipedia.org/wiki/Harry_Schell"
"503",502,"stacey",NA,NA,"29/08/1933","British","http://en.wikipedia.org/wiki/Alan_Stacey"
"504",503,"chimeri",NA,NA,"04/06/1921","Venezuelan","http://en.wikipedia.org/wiki/Ettore_Chimeri"
"505",504,"creus",NA,NA,"28/10/1924","Spanish","http://en.wikipedia.org/wiki/Antonio_Creus"
"506",505,"bristow",NA,NA,"02/12/1937","British","http://en.wikipedia.org/wiki/Chris_Bristow"
"507",506,"halford",NA,NA,"18/05/1931","British","http://en.wikipedia.org/wiki/Bruce_Halford"
"508",507,"daigh",NA,NA,"29/11/1923","American","http://en.wikipedia.org/wiki/Chuck_Daigh"
"509",508,"reventlow",NA,NA,"24/02/1936","American","http://en.wikipedia.org/wiki/Lance_Reventlow"
"510",509,"rathmann",NA,NA,"16/07/1928","American","http://en.wikipedia.org/wiki/Jim_Rathmann"
"511",510,"goldsmith",NA,NA,"02/10/1925","American","http://en.wikipedia.org/wiki/Paul_Goldsmith"
"512",511,"branson",NA,NA,"02/06/1920","American","http://en.wikipedia.org/wiki/Don_Branson"
"513",512,"thomson",NA,NA,"09/04/1922","American","http://en.wikipedia.org/wiki/Johnny_Thomson"
"514",513,"johnson",NA,NA,"10/02/1919","American","http://en.wikipedia.org/wiki/Eddie_Johnson_(auto_racer)"
"515",514,"veith",NA,NA,"01/11/1926","American","http://en.wikipedia.org/wiki/Bob_Veith"
"516",515,"tingelstad",NA,NA,"04/04/1928","American","http://en.wikipedia.org/wiki/Bud_Tingelstad"
"517",516,"christie",NA,NA,"04/04/1924","American","http://en.wikipedia.org/wiki/Bob_Christie_(racing_driver)"
"518",517,"amick",NA,NA,"19/01/1929","American","http://en.wikipedia.org/wiki/Red_Amick"
"519",518,"darter",NA,NA,"05/05/1913","American","http://en.wikipedia.org/wiki/Duane_Carter"
"520",519,"homeier",NA,NA,"31/08/1918","American","http://en.wikipedia.org/wiki/Bill_Homeier"
"521",520,"hartley",NA,NA,"28/01/1926","American","http://en.wikipedia.org/wiki/Gene_Hartley"
"522",521,"stevenson",NA,NA,"15/10/1919","American","http://en.wikipedia.org/wiki/Chuck_Stevenson"
"523",522,"grim",NA,NA,"04/09/1924","American","http://en.wikipedia.org/wiki/Bobby_Grim"
"524",523,"templeman",NA,NA,"12/08/1919","American","http://en.wikipedia.org/wiki/Shorty_Templeman"
"525",524,"hurtubise",NA,NA,"05/12/1932","American","http://en.wikipedia.org/wiki/Jim_Hurtubise"
"526",525,"bryan",NA,NA,"28/01/1926","American","http://en.wikipedia.org/wiki/Jimmy_Bryan"
"527",526,"ruttman",NA,NA,"11/03/1930","American","http://en.wikipedia.org/wiki/Troy_Ruttman"
"528",527,"sachs",NA,NA,"28/05/1927","American","http://en.wikipedia.org/wiki/Eddie_Sachs"
"529",528,"freeland",NA,NA,"25/03/1925","American","http://en.wikipedia.org/wiki/Don_Freeland"
"530",529,"bettenhausen",NA,NA,"12/09/1916","American","http://en.wikipedia.org/wiki/Tony_Bettenhausen"
"531",530,"weiler",NA,NA,"09/12/1934","American","http://en.wikipedia.org/wiki/Wayne_Weiler"
"532",531,"foyt",NA,NA,"16/01/1935","American","http://en.wikipedia.org/wiki/A.J._Foyt"
"533",532,"russo",NA,NA,"19/11/1925","American","http://en.wikipedia.org/wiki/Eddie_Russo"
"534",533,"boyd",NA,NA,"19/08/1926","American","http://en.wikipedia.org/wiki/Johnny_Boyd"
"535",534,"force",NA,NA,"15/06/1916","American","http://en.wikipedia.org/wiki/Gene_Force"
"536",535,"mcwithey",NA,NA,"04/07/1927","American","http://en.wikipedia.org/wiki/Jim_McWithey"
"537",536,"sutton",NA,NA,"09/08/1925","American","http://en.wikipedia.org/wiki/Len_Sutton"
"538",537,"dick_rathmann",NA,NA,"06/01/1924","American","http://en.wikipedia.org/wiki/Dick_Rathmann"
"539",538,"herman",NA,NA,"15/03/1927","American","http://en.wikipedia.org/wiki/Al_Herman"
"540",539,"dempsey_wilson",NA,NA,"11/03/1927","American","http://en.wikipedia.org/wiki/Dempsey_Wilson"
"541",540,"mike_taylor",NA,NA,"24/04/1934","British","http://en.wikipedia.org/wiki/Mike_Taylor_(driver)"
"542",541,"flockhart",NA,NA,"16/06/1923","British","http://en.wikipedia.org/wiki/Ron_Flockhart_(auto_racing)"
"543",542,"piper",NA,NA,"02/12/1930","British","http://en.wikipedia.org/wiki/David_Piper"
"544",543,"cabianca",NA,NA,"19/02/1923","Italian","http://en.wikipedia.org/wiki/Giulio_Cabianca"
"545",544,"drogo",NA,NA,"08/08/1926","Italian","http://en.wikipedia.org/wiki/Piero_Drogo"
"546",545,"gamble",NA,NA,"17/03/1932","American","http://en.wikipedia.org/wiki/Fred_Gamble_(racing_driver)"
"547",546,"owen",NA,NA,"23/03/1915","British","http://en.wikipedia.org/wiki/Arthur_Owen"
"548",547,"gould",NA,NA,"20/09/1918","British","http://en.wikipedia.org/wiki/Horace_Gould"
"549",548,"drake",NA,NA,"14/12/1919","American","http://en.wikipedia.org/wiki/Bob_Drake_(Formula_One)"
"550",549,"bueb",NA,NA,"06/06/1923","British","http://en.wikipedia.org/wiki/Ivor_Bueb"
"551",550,"Changy",NA,NA,"05/02/1922","Belgian","http://en.wikipedia.org/wiki/Alain_de_Changy"
"552",551,"filippis",NA,NA,"11/11/1926","Italian","http://en.wikipedia.org/wiki/Maria_Teresa_de_Filippis"
"553",552,"lucienbonnet",NA,NA,"07/01/1923","French","http://en.wikipedia.org/wiki/Jean_Lucienbonnet"
"554",553,"testut",NA,NA,"13/04/1926","Monegasque","http://en.wikipedia.org/wiki/Andr%C3%A9_Testut"
"555",554,"behra",NA,NA,"16/02/1921","French","http://en.wikipedia.org/wiki/Jean_Behra"
"556",555,"paul_russo",NA,NA,"10/04/1914","American","http://en.wikipedia.org/wiki/Paul_Russo"
"557",556,"daywalt",NA,NA,"28/08/1924","American","http://en.wikipedia.org/wiki/Jimmy_Daywalt"
"558",557,"arnold",NA,NA,"30/05/1926","American","http://en.wikipedia.org/wiki/Chuck_Arnold"
"559",558,"keller",NA,NA,"11/04/1920","American","http://en.wikipedia.org/wiki/Al_Keller"
"560",559,"flaherty",NA,NA,"06/01/1926","American","http://en.wikipedia.org/wiki/Pat_Flaherty_(racing_driver)"
"561",560,"cheesbourg",NA,NA,"12/06/1927","American","http://en.wikipedia.org/wiki/Bill_Cheesbourg"
"562",561,"ray_crawford",NA,NA,"26/10/1915","American","http://en.wikipedia.org/wiki/Ray_Crawford"
"563",562,"turner",NA,NA,"12/02/1920","American","http://en.wikipedia.org/wiki/Jack_Turner_(driver)"
"564",563,"weyant",NA,NA,"03/04/1923","American","http://en.wikipedia.org/wiki/Chuck_Weyant"
"565",564,"larson",NA,NA,"21/01/1923","American","http://en.wikipedia.org/wiki/Jud_Larson"
"566",565,"magill",NA,NA,"08/02/1920","American","http://en.wikipedia.org/wiki/Mike_Magill"
"567",566,"shelby",NA,NA,"11/01/1923","American","http://en.wikipedia.org/wiki/Carroll_Shelby"
"568",567,"orey",NA,NA,"25/03/1938","Brazilian","http://en.wikipedia.org/wiki/Fritz_d%27Orey"
"569",568,"fontes",NA,NA,"26/12/1922","Uruguayan","http://en.wikipedia.org/wiki/Azdrubal_Fontes"
"570",569,"ashdown",NA,NA,"16/10/1934","British","http://en.wikipedia.org/wiki/Peter_Ashdown"
"571",570,"bill_moss",NA,NA,"04/09/1933","British","http://en.wikipedia.org/wiki/Bill_Moss_(racing_driver)"
"572",571,"dennis_taylor",NA,NA,"12/06/1921","British","http://en.wikipedia.org/wiki/Dennis_Taylor_(racing_driver)"
"573",572,"blanchard",NA,NA,"13/06/1929","American","http://en.wikipedia.org/wiki/Harry_Blanchard"
"574",573,"tomaso",NA,NA,"10/07/1928","Argentine-Italian","http://en.wikipedia.org/wiki/Alessandro_de_Tomaso"
"575",574,"constantine",NA,NA,"22/02/1918","American","http://en.wikipedia.org/wiki/George_Constantine"
"576",575,"said",NA,NA,"05/05/1932","American","http://en.wikipedia.org/wiki/Bob_Said"
"577",576,"cade",NA,NA,"12/06/1916","American","http://en.wikipedia.org/wiki/Phil_Cade"
"578",577,"musso",NA,NA,"28/07/1924","Italian","http://en.wikipedia.org/wiki/Luigi_Musso"
"579",578,"hawthorn",NA,NA,"10/04/1929","British","http://en.wikipedia.org/wiki/Mike_Hawthorn"
"580",579,"fangio",NA,NA,"24/06/1911","Argentine","http://en.wikipedia.org/wiki/Juan_Manuel_Fangio"
"581",580,"godia",NA,NA,"21/03/1921","Spanish","http://en.wikipedia.org/wiki/Paco_Godia"
"582",581,"collins",NA,NA,"06/11/1931","British","http://en.wikipedia.org/wiki/Peter_Collins_(racing_driver)"
"583",582,"kavanagh",NA,NA,"12/12/1923","Australian","http://en.wikipedia.org/wiki/Ken_Kavanagh"
"584",583,"gerini",NA,NA,"10/08/1928","Italian","http://en.wikipedia.org/wiki/Gerino_Gerini_(racing_driver)"
"585",584,"kessler",NA,NA,"23/03/1936","American","http://en.wikipedia.org/wiki/Bruce_Kessler"
"586",585,"emery",NA,NA,"12/11/1916","British","http://en.wikipedia.org/wiki/Paul_Emery"
"587",586,"piotti",NA,NA,"27/10/1913","Italian","http://en.wikipedia.org/wiki/Luigi_Piotti"
"588",587,"ecclestone",NA,NA,"28/10/1930","British","http://en.wikipedia.org/wiki/Bernie_Ecclestone"
"589",588,"taramazzo",NA,NA,"05/05/1932","Italian","http://en.wikipedia.org/wiki/Luigi_Taramazzo"
"590",589,"chiron",NA,NA,"1899-08-03","Monegasque","http://en.wikipedia.org/wiki/Louis_Chiron"
"591",590,"lewis-evans",NA,NA,"20/04/1930","British","http://en.wikipedia.org/wiki/Stuart_Lewis-Evans"
"592",591,"george_amick",NA,NA,"24/10/1924","American","http://en.wikipedia.org/wiki/George_Amick"
"593",592,"reece",NA,NA,"17/11/1929","American","http://en.wikipedia.org/wiki/Jimmy_Reece"
"594",593,"parsons",NA,NA,"04/07/1918","American","http://en.wikipedia.org/wiki/Johnnie_Parsons"
"595",594,"tolan",NA,NA,"22/10/1917","American","http://en.wikipedia.org/wiki/Johnnie_Tolan"
"596",595,"garrett",NA,NA,"24/04/1933","American","http://en.wikipedia.org/wiki/Billy_Garrett"
"597",596,"elisian",NA,NA,"09/12/1926","American","http://en.wikipedia.org/wiki/Ed_Elisian"
"598",597,"connor",NA,NA,"09/10/1928","American","http://en.wikipedia.org/wiki/Pat_O%27Connor_(auto_racer)"
"599",598,"jerry_unser",NA,NA,"15/11/1932","American","http://en.wikipedia.org/wiki/Jerry_Unser"
"600",599,"bisch",NA,NA,"10/11/1926","American","http://en.wikipedia.org/wiki/Art_Bisch"
"601",600,"goethals",NA,NA,"04/08/1928","Belgian","http://en.wikipedia.org/wiki/Christian_Goethals"
"602",601,"gibson",NA,NA,"16/04/1918","British","http://en.wikipedia.org/wiki/Dick_Gibson"
"603",602,"la_caze",NA,NA,"26/02/1917","French","http://en.wikipedia.org/wiki/Robert_La_Caze"
"604",603,"guelfi",NA,NA,"06/05/1919","French","http://en.wikipedia.org/wiki/Andr%C3%A9_Guelfi"
"605",604,"picard",NA,NA,"26/04/1921","French","http://en.wikipedia.org/wiki/Fran%C3%A7ois_Picard"
"606",605,"bridger",NA,NA,"24/06/1934","British","http://en.wikipedia.org/wiki/Tom_Bridger"
"607",606,"portago",NA,NA,"11/10/1928","Spanish","http://en.wikipedia.org/wiki/Alfonso_de_Portago"
"608",607,"perdisa",NA,NA,"21/10/1932","Italian","http://en.wikipedia.org/wiki/Cesare_Perdisa"
"609",608,"castellotti",NA,NA,"10/10/1930","Italian","http://en.wikipedia.org/wiki/Eugenio_Castellotti"
"610",609,"simon",NA,NA,"05/01/1920","French","http://en.wikipedia.org/wiki/Andr%C3%A9_Simon_(racing_driver)"
"611",610,"leston",NA,NA,"16/12/1920","British","http://en.wikipedia.org/wiki/Les_Leston"
"612",611,"hanks",NA,NA,"13/07/1914","American","http://en.wikipedia.org/wiki/Sam_Hanks"
"613",612,"linden",NA,NA,"05/04/1922","American","http://en.wikipedia.org/wiki/Andy_Linden_(racing_driver)"
"614",613,"teague",NA,NA,"22/02/1921","American","http://en.wikipedia.org/wiki/Marshall_Teague"
"615",614,"edmunds",NA,NA,"23/09/1930","American","http://en.wikipedia.org/wiki/Don_Edmunds"
"616",615,"agabashian",NA,NA,"21/08/1913","American","http://en.wikipedia.org/wiki/Fred_Agabashian"
"617",616,"george",NA,NA,"15/07/1928","American","http://en.wikipedia.org/wiki/Elmer_George"
"618",617,"macdowel",NA,NA,"13/09/1932","British","http://en.wikipedia.org/wiki/Mike_MacDowel"
"619",618,"mackay-fraser",NA,NA,"23/06/1927","American","http://en.wikipedia.org/wiki/Herbert_MacKay-Fraser"
"620",619,"gerard",NA,NA,"19/01/1914","British","http://en.wikipedia.org/wiki/Bob_Gerard"
"621",620,"maglioli",NA,NA,"05/06/1928","Italian","http://en.wikipedia.org/wiki/Umberto_Maglioli"
"622",621,"england",NA,NA,"28/03/1929","Australian","http://en.wikipedia.org/wiki/Paul_England"
"623",622,"landi",NA,NA,"14/07/1907","Brazilian","http://en.wikipedia.org/wiki/Chico_Landi"
"624",623,"uria",NA,NA,"11/07/1924","Uruguayan","http://en.wikipedia.org/wiki/Alberto_Uria"
"625",624,"ramos",NA,NA,"07/12/1925","Brazilian","http://en.wikipedia.org/wiki/Hernando_da_Silva_Ramos"
"626",625,"bayol",NA,NA,"28/02/1914","French","http://en.wikipedia.org/wiki/%C3%89lie_Bayol"
"627",626,"manzon",NA,NA,"12/04/1917","French","http://en.wikipedia.org/wiki/Robert_Manzon"
"628",627,"rosier",NA,NA,"05/11/1905","French","http://en.wikipedia.org/wiki/Louis_Rosier"
"629",628,"sweikert",NA,NA,"20/05/1926","American","http://en.wikipedia.org/wiki/Bob_Sweikert"
"630",629,"griffith",NA,NA,"06/02/1916","American","http://en.wikipedia.org/wiki/Cliff_Griffith"
"631",630,"dinsmore",NA,NA,"10/04/1913","American","http://en.wikipedia.org/wiki/Duke_Dinsmore"
"632",631,"andrews",NA,NA,"15/06/1920","American","http://en.wikipedia.org/wiki/Keith_Andrews_(driver)"
"633",632,"frere",NA,NA,"30/01/1917","Belgian","http://en.wikipedia.org/wiki/Paul_Fr%C3%A8re"
"634",633,"villoresi",NA,NA,"16/05/1909","Italian","http://en.wikipedia.org/wiki/Luigi_Villoresi"
"635",634,"scotti",NA,NA,"11/11/1909","Italian","http://en.wikipedia.org/wiki/Piero_Scotti"
"636",635,"chapman",NA,NA,"19/05/1928","British","http://en.wikipedia.org/wiki/Colin_Chapman"
"637",636,"titterington",NA,NA,"01/05/1928","British","http://en.wikipedia.org/wiki/Desmond_Titterington"
"638",637,"scott_Brown",NA,NA,"13/05/1927","British","http://en.wikipedia.org/wiki/Archie_Scott_Brown"
"639",638,"volonterio",NA,NA,"07/12/1917","Swiss","http://en.wikipedia.org/wiki/Ottorino_Volonterio"
"640",639,"milhoux",NA,NA,"09/12/1928","Belgian","http://en.wikipedia.org/wiki/Andr%C3%A9_Milhoux"
"641",640,"graffenried",NA,NA,"18/05/1914","Swiss","http://en.wikipedia.org/wiki/Toulo_de_Graffenried"
"642",641,"taruffi",NA,NA,"12/10/1906","Italian","http://en.wikipedia.org/wiki/Piero_Taruffi"
"643",642,"farina",NA,NA,"30/10/1906","Italian","http://en.wikipedia.org/wiki/Nino_Farina"
"644",643,"mieres",NA,NA,"03/12/1924","Argentine","http://en.wikipedia.org/wiki/Roberto_Mieres"
"645",644,"mantovani",NA,NA,"22/05/1929","Italian","http://en.wikipedia.org/wiki/Sergio_Mantovani"
"646",645,"bucci",NA,NA,"04/09/1920","Argentine","http://en.wikipedia.org/wiki/Clemar_Bucci"
"647",646,"iglesias",NA,NA,"22/02/1922","Argentine","http://en.wikipedia.org/wiki/Jes%C3%BAs_Iglesias"
"648",647,"ascari",NA,NA,"13/07/1918","Italian","http://en.wikipedia.org/wiki/Alberto_Ascari"
"649",648,"kling",NA,NA,"16/09/1910","German","http://en.wikipedia.org/wiki/Karl_Kling"
"650",649,"birger",NA,NA,"07/01/1924","Argentine","http://en.wikipedia.org/wiki/Pablo_Birger"
"651",650,"pollet",NA,NA,"02/07/1922","French","http://en.wikipedia.org/wiki/Jacques_Pollet"
"652",651,"macklin",NA,NA,"02/09/1919","British","http://en.wikipedia.org/wiki/Lance_Macklin"
"653",652,"whiteaway",NA,NA,"01/11/1928","British","http://en.wikipedia.org/wiki/Ted_Whiteaway"
"654",653,"davies",NA,NA,"08/08/1929","American","http://en.wikipedia.org/wiki/Jimmy_Davies"
"655",654,"faulkner",NA,NA,"16/02/1920","American","http://en.wikipedia.org/wiki/Walt_Faulkner"
"656",655,"niday",NA,NA,"29/04/1914","American","http://en.wikipedia.org/wiki/Cal_Niday"
"657",656,"cross",NA,NA,"24/01/1918","American","http://en.wikipedia.org/wiki/Art_Cross"
"658",657,"vukovich",NA,NA,"13/12/1918","American","http://en.wikipedia.org/wiki/Bill_Vukovich"
"659",658,"mcgrath",NA,NA,"08/10/1919","American","http://en.wikipedia.org/wiki/Jack_McGrath_(racing_driver)"
"660",659,"hoyt",NA,NA,"29/01/1929","American","http://en.wikipedia.org/wiki/Jerry_Hoyt"
"661",660,"claes",NA,NA,"11/08/1916","Belgian","http://en.wikipedia.org/wiki/Johnny_Claes"
"662",661,"peter_walker",NA,NA,"07/10/1912","British","http://en.wikipedia.org/wiki/Peter_Walker_(driver)"
"663",662,"sparken",NA,NA,"16/06/1930","French","http://en.wikipedia.org/wiki/Mike_Sparken"
"664",663,"wharton",NA,NA,"21/03/1916","British","http://en.wikipedia.org/wiki/Ken_Wharton"
"665",664,"mcalpine",NA,NA,"21/09/1920","British","http://en.wikipedia.org/wiki/Kenneth_McAlpine"
"666",665,"marr",NA,NA,"14/08/1922","British","http://en.wikipedia.org/wiki/Leslie_Marr"
"667",666,"rolt",NA,NA,"16/10/1918","British","http://en.wikipedia.org/wiki/Tony_Rolt"
"668",667,"fitch",NA,NA,"04/08/1917","American","http://en.wikipedia.org/wiki/John_Fitch_(driver)"
"669",668,"lucas",NA,NA,"25/04/1917","French","http://en.wikipedia.org/wiki/Jean_Lucas"
"670",669,"bira",NA,NA,"15/07/1914","Thai","http://en.wikipedia.org/wiki/Prince_Bira"
"671",670,"marimon",NA,NA,"19/12/1923","Argentine","http://en.wikipedia.org/wiki/Onofre_Marim%C3%B3n"
"672",671,"loyer",NA,NA,"05/08/1907","French","http://en.wikipedia.org/wiki/Roger_Loyer"
"673",672,"daponte",NA,NA,"05/06/1923","Argentine","http://en.wikipedia.org/wiki/Jorge_Daponte"
"674",673,"nazaruk",NA,NA,"02/10/1921","American","http://en.wikipedia.org/wiki/Mike_Nazaruk"
"675",674,"crockett",NA,NA,"23/10/1926","American","http://en.wikipedia.org/wiki/Larry_Crockett"
"676",675,"ayulo",NA,NA,"20/10/1921","American","http://en.wikipedia.org/wiki/Manny_Ayulo"
"677",676,"armi",NA,NA,"12/10/1918","American","http://en.wikipedia.org/wiki/Frank_Armi"
"678",677,"webb",NA,NA,"08/10/1910","American","http://en.wikipedia.org/wiki/Travis_Webb"
"679",678,"duncan",NA,NA,"25/07/1911","American","http://en.wikipedia.org/wiki/Len_Duncan"
"680",679,"mccoy",NA,NA,"19/02/1921","American","http://en.wikipedia.org/wiki/Ernie_McCoy"
"681",680,"swaters",NA,NA,"30/10/1926","American","http://en.wikipedia.org/wiki/Jacques_Swaters"
"682",681,"georges_berger",NA,NA,"14/09/1918","Belgian","http://en.wikipedia.org/wiki/Georges_Berger"
"683",682,"beauman",NA,NA,"26/07/1928","British","http://en.wikipedia.org/wiki/Don_Beauman"
"684",683,"thorne",NA,NA,"23/06/1916","British","http://en.wikipedia.org/wiki/Leslie_Thorne"
"685",684,"whitehouse",NA,NA,"01/04/1909","British","http://en.wikipedia.org/wiki/Bill_Whitehouse"
"686",685,"riseley_prichard",NA,NA,"17/01/1924","British","http://en.wikipedia.org/wiki/John_Riseley-Prichard"
"687",686,"reg_parnell",NA,NA,"02/07/1911","British","http://en.wikipedia.org/wiki/Reg_Parnell"
"688",687,"whitehead",NA,NA,"12/11/1914","British","http://en.wikipedia.org/wiki/Peter_Whitehead_(racing_driver)"
"689",688,"brandon",NA,NA,"18/07/1920","British","http://en.wikipedia.org/wiki/Eric_Brandon"
"690",689,"alan_brown",NA,NA,"20/11/1919","British","http://en.wikipedia.org/wiki/Alan_Brown_(racing_driver)"
"691",690,"nuckey",NA,NA,"26/06/1929","British","http://en.wikipedia.org/wiki/Rodney_Nuckey"
"692",691,"lang",NA,NA,"06/04/1909","German","http://en.wikipedia.org/wiki/Hermann_Lang"
"693",692,"helfrich",NA,NA,"13/05/1913","German","http://en.wikipedia.org/wiki/Theo_Helfrich"
"694",693,"wacker",NA,NA,"10/07/1918","American","http://en.wikipedia.org/wiki/Fred_Wacker"
"695",694,"riu",NA,NA,"10/03/1925","Italian","http://en.wikipedia.org/wiki/Giovanni_de_Riu"
"696",695,"galvez",NA,NA,"17/08/1913","Argentine","http://en.wikipedia.org/wiki/%C3%93scar_Alfredo_G%C3%A1lvez"
"697",696,"john_barber",NA,NA,"22/07/1929","British","http://en.wikipedia.org/wiki/John_Barber_(racing_driver)"
"698",697,"bonetto",NA,NA,"09/06/1903","Italian","http://en.wikipedia.org/wiki/Felice_Bonetto"
"699",698,"cruz",NA,NA,"28/06/1923","Argentine","http://en.wikipedia.org/wiki/Adolfo_Schewelm_Cruz"
"700",699,"nalon",NA,NA,"02/03/1913","American","http://en.wikipedia.org/wiki/Duke_Nalon"
"701",700,"scarborough",NA,NA,"03/07/1914","American","http://en.wikipedia.org/wiki/Carl_Scarborough"
"702",701,"holland",NA,NA,"18/12/1907","American","http://en.wikipedia.org/wiki/Bill_Holland"
"703",702,"bob_scott",NA,NA,"04/10/1928","American","http://en.wikipedia.org/wiki/Bob_Scott_(auto_racer)"
"704",703,"legat",NA,NA,"1898-11-01","Belgian","http://en.wikipedia.org/wiki/Arthur_Legat"
"705",704,"cabantous",NA,NA,"08/10/1904","French","http://en.wikipedia.org/wiki/Yves_Giraud_Cabantous"
"706",705,"crook",NA,NA,"16/02/1920","British","http://en.wikipedia.org/wiki/Tony_Crook"
"707",706,"jimmy_stewart",NA,NA,"06/03/1931","British","http://en.wikipedia.org/wiki/Jimmy_Stewart_(racing_driver)"
"708",707,"ian_stewart",NA,NA,"15/07/1929","British","http://en.wikipedia.org/wiki/Ian_Stewart_(racing_driver)"
"709",708,"duncan_hamilton",NA,NA,"30/04/1920","British","http://en.wikipedia.org/wiki/Duncan_Hamilton_(racing_driver)"
"710",709,"klodwig",NA,NA,"23/05/1903","East German","http://en.wikipedia.org/wiki/Ernst_Klodwig"
"711",710,"krause",NA,NA,"30/03/1907","East German","http://en.wikipedia.org/wiki/Rudolf_Krause"
"712",711,"karch",NA,NA,"06/03/1917","German","http://en.wikipedia.org/wiki/Oswald_Karch"
"713",712,"heeks",NA,NA,"13/02/1922","German","http://en.wikipedia.org/wiki/Willi_Heeks"
"714",713,"fitzau",NA,NA,"10/02/1923","East German","http://en.wikipedia.org/wiki/Theo_Fitzau"
"715",714,"adolff",NA,NA,"05/11/1921","German","http://en.wikipedia.org/wiki/Kurt_Adolff"
"716",715,"bechem",NA,NA,"21/12/1921","German","http://en.wikipedia.org/wiki/G%C3%BCnther_Bechem"
"717",716,"bauer",NA,NA,"17/07/1912","German","http://en.wikipedia.org/wiki/Erwin_Bauer"
"718",717,"hans_stuck",NA,NA,"27/12/1900","German","http://en.wikipedia.org/wiki/Hans_Von_Stuck"
"719",718,"loof",NA,NA,"04/07/1907","German","http://en.wikipedia.org/wiki/Ernst_Loof"
"720",719,"scherrer",NA,NA,"28/02/1908","Swiss","http://en.wikipedia.org/wiki/Albert_Scherrer"
"721",720,"terra",NA,NA,"06/10/1918","Swiss","http://en.wikipedia.org/wiki/Max_de_Terra"
"722",721,"hirt",NA,NA,"30/03/1910","Swiss","http://en.wikipedia.org/wiki/Peter_Hirt"
"723",722,"carini",NA,NA,"06/03/1921","Italian","http://en.wikipedia.org/wiki/Piero_Carini"
"724",723,"fischer",NA,NA,"19/04/1912","Swiss","http://en.wikipedia.org/wiki/Rudi_Fischer"
"725",724,"ulmen",NA,NA,"25/01/1906","German","http://en.wikipedia.org/wiki/Toni_Ulmen"
"726",725,"abecassis",NA,NA,"21/03/1913","British","http://en.wikipedia.org/wiki/George_Abecassis"
"727",726,"george_connor",NA,NA,"16/08/1906","American","http://en.wikipedia.org/wiki/George_Connor_(driver)"
"728",727,"rigsby",NA,NA,"06/06/1923","American","http://en.wikipedia.org/wiki/Jim_Rigsby"
"729",728,"james",NA,NA,"23/05/1925","American","http://en.wikipedia.org/wiki/Joe_James_(racing_driver)"
"730",729,"schindler",NA,NA,"06/03/1909","American","http://en.wikipedia.org/wiki/Bill_Schindler"
"731",730,"fonder",NA,NA,"22/06/1917","American","http://en.wikipedia.org/wiki/George_Fonder"
"732",731,"banks",NA,NA,"14/06/1913","American","http://en.wikipedia.org/wiki/Henry_Banks"
"733",732,"mcdowell",NA,NA,"29/01/1915","American","http://en.wikipedia.org/wiki/Johnny_McDowell"
"734",733,"miller",NA,NA,"19/07/1902","American","http://en.wikipedia.org/wiki/Chet_Miller"
"735",734,"ball",NA,NA,"26/08/1925","American","http://en.wikipedia.org/wiki/Bobby_Ball_(auto_racer)"
"736",735,"tornaco",NA,NA,"07/06/1927","Belgian","http://en.wikipedia.org/wiki/Charles_de_Tornaco"
"737",736,"laurent",NA,NA,"21/02/1913","Belgian","http://en.wikipedia.org/wiki/Roger_Laurent"
"738",737,"obrien",NA,NA,"11/04/1908","American","http://en.wikipedia.org/wiki/Robert_O%27Brien_(auto_racer)"
"739",738,"gaze",NA,NA,"03/02/1920","Australian","http://en.wikipedia.org/wiki/Tony_Gaze"
"740",739,"charrington",NA,NA,"23/06/1915","British","http://en.wikipedia.org/wiki/Robin_Montgomerie-Charrington"
"741",740,"comotti",NA,NA,"24/07/1906","Italian","http://en.wikipedia.org/wiki/Franco_Comotti"
"742",741,"etancelin",NA,NA,"1896-12-28","French","http://en.wikipedia.org/wiki/Philippe_%C3%89tancelin"
"743",742,"poore",NA,NA,"19/08/1916","British","http://en.wikipedia.org/wiki/Dennis_Poore"
"744",743,"thompson",NA,NA,"04/11/1919","British","http://en.wikipedia.org/wiki/Eric_Thompson_(racing_driver)"
"745",744,"downing",NA,NA,"05/12/1917","British","http://en.wikipedia.org/wiki/Ken_Downing"
"746",745,"graham_whitehead",NA,NA,"15/04/1922","British","http://en.wikipedia.org/wiki/Graham_Whitehead"
"747",746,"bianco",NA,NA,"22/07/1916","Brazilian","http://en.wikipedia.org/wiki/Gino_Bianco"
"748",747,"murray",NA,NA,"28/12/1909","British","http://en.wikipedia.org/wiki/David_Murray_(driver)"
"749",748,"cantoni",NA,NA,"04/10/1906","Uruguayan","http://en.wikipedia.org/wiki/Eitel_Cantoni"
"750",749,"aston",NA,NA,"29/03/1900","British","http://en.wikipedia.org/wiki/Bill_Aston"
"751",750,"brudes",NA,NA,"1899-10-15","German","http://en.wikipedia.org/wiki/Adolf_Brudes"
"752",751,"riess",NA,NA,"11/07/1922","German","http://en.wikipedia.org/wiki/Fritz_Riess"
"753",752,"niedermayr",NA,NA,"29/11/1915","German","http://en.wikipedia.org/wiki/Helmut_Niedermayr"
"754",753,"klenk",NA,NA,"28/10/1919","German","http://en.wikipedia.org/wiki/Hans_Klenk"
"755",754,"balsa",NA,NA,"01/01/1909","French","http://en.wikipedia.org/wiki/Marcel_Balsa"
"756",755,"schoeller",NA,NA,"27/04/1902","Swiss","http://en.wikipedia.org/wiki/Rudolf_Schoeller"
"757",756,"pietsch",NA,NA,"20/06/1911","German","http://en.wikipedia.org/wiki/Paul_Pietsch"
"758",757,"peters",NA,NA,"16/09/1914","German","http://en.wikipedia.org/wiki/Josef_Peters_(driver)"
"759",758,"lof",NA,NA,"23/08/1919","Dutch","http://en.wikipedia.org/wiki/Dries_van_der_Lof"
"760",759,"flinterman",NA,NA,"02/10/1919","Dutch","http://en.wikipedia.org/wiki/Jan_Flinterman"
"761",760,"dusio",NA,NA,"1899-10-13","Italian","http://en.wikipedia.org/wiki/Piero_Dusio"
"762",761,"crespo",NA,NA,"16/01/1920","Argentine","http://en.wikipedia.org/wiki/Alberto_Crespo"
"763",762,"rol",NA,NA,"05/06/1908","Italian","http://en.wikipedia.org/wiki/Franco_Rol"
"764",763,"sanesi",NA,NA,"28/03/1911","Italian","http://en.wikipedia.org/wiki/Consalvo_Sanesi"
"765",764,"guy_mairesse",NA,NA,"10/08/1910","French","http://en.wikipedia.org/wiki/Guy_Mairesse"
"766",765,"louveau",NA,NA,"25/01/1910","French","http://en.wikipedia.org/wiki/Henri_Louveau"
"767",766,"wallard",NA,NA,"07/09/1910","American","http://en.wikipedia.org/wiki/Lee_Wallard"
"768",767,"forberg",NA,NA,"04/03/1911","American","http://en.wikipedia.org/wiki/Carl_Forberg"
"769",768,"rose",NA,NA,"26/05/1906","American","http://en.wikipedia.org/wiki/Mauri_Rose"
"770",769,"mackey",NA,NA,"15/12/1927","American","http://en.wikipedia.org/wiki/Bill_Mackey"
"771",770,"green",NA,NA,"30/09/1919","American","http://en.wikipedia.org/wiki/Cecil_Green"
"772",771,"walt_brown",NA,NA,"30/12/1911","American","http://en.wikipedia.org/wiki/Walt_Brown_(auto_racer)"
"773",772,"hellings",NA,NA,"14/09/1915","American","http://en.wikipedia.org/wiki/Mack_Hellings"
"774",773,"levegh",NA,NA,"22/12/1905","French","http://en.wikipedia.org/wiki/Pierre_Levegh"
"775",774,"chaboud",NA,NA,"12/04/1907","French","http://en.wikipedia.org/wiki/Eug%C3%A8ne_Chaboud"
"776",775,"gordini",NA,NA,"20/05/1921","French","http://en.wikipedia.org/wiki/Aldo_Gordini"
"777",776,"kelly",NA,NA,"13/03/1913","Irish","http://en.wikipedia.org/wiki/Joe_Kelly_(Formula_One)"
"778",777,"parker",NA,NA,"22/09/1907","British","http://en.wikipedia.org/wiki/Philip_Fotheringham-Parker"
"779",778,"shawe_taylor",NA,NA,"28/01/1915","British","http://en.wikipedia.org/wiki/Brian_Shawe_Taylor"
"780",779,"john_james",NA,NA,"10/05/1914","British","http://en.wikipedia.org/wiki/John_James_(auto_racer)"
"781",780,"branca",NA,NA,"15/09/1916","Swiss","http://en.wikipedia.org/wiki/Toni_Branca"
"782",781,"richardson",NA,NA,"21/08/1911","British","http://en.wikipedia.org/wiki/Ken_Richardson_(race_car_driver)"
"783",782,"jover",NA,NA,"23/11/1903","Spanish","http://en.wikipedia.org/wiki/Juan_Jover"
"784",783,"grignard",NA,NA,"25/07/1905","French","http://en.wikipedia.org/wiki/Georges_Grignard"
"785",784,"hampshire",NA,NA,"29/12/1917","British","http://en.wikipedia.org/wiki/David_Hampshire"
"786",785,"crossley",NA,NA,"11/05/1921","British","http://en.wikipedia.org/wiki/Geoff_Crossley"
"787",786,"fagioli",NA,NA,"1898-06-09","Italian","http://en.wikipedia.org/wiki/Luigi_Fagioli"
"788",787,"harrison",NA,NA,"06/07/1906","British","http://en.wikipedia.org/wiki/Cuth_Harrison"
"789",788,"fry",NA,NA,"26/10/1915","British","http://en.wikipedia.org/wiki/Joe_Fry"
"790",789,"martin",NA,NA,"24/03/1915","French","http://en.wikipedia.org/wiki/Eug%C3%A8ne_Martin"
"791",790,"leslie_johnson",NA,NA,"22/03/1912","British","http://en.wikipedia.org/wiki/Leslie_Johnson_(racing_driver)"
"792",791,"biondetti",NA,NA,"1898-08-18","Italian","http://en.wikipedia.org/wiki/Clemente_Biondetti"
"793",792,"pian",NA,NA,"21/10/1912","Argentine","http://en.wikipedia.org/wiki/Alfredo_Pi%C3%A0n"
"794",793,"sommer",NA,NA,"31/08/1906","French","http://en.wikipedia.org/wiki/Raymond_Sommer"
"795",794,"chitwood",NA,NA,"14/04/1912","American","http://en.wikipedia.org/wiki/Joie_Chitwood"
"796",795,"fohr",NA,NA,"17/06/1912","American","http://en.wikipedia.org/wiki/Myron_Fohr"
"797",796,"ader",NA,NA,"15/12/1913","American","http://en.wikipedia.org/wiki/Walt_Ader"
"798",797,"holmes",NA,NA,"04/09/1920","American","http://en.wikipedia.org/wiki/Jackie_Holmes"
"799",798,"levrett",NA,NA,"14/02/1914","American","http://en.wikipedia.org/wiki/Bayliss_Levrett"
"800",799,"jackson",NA,NA,"25/07/1910","American","http://en.wikipedia.org/wiki/Jimmy_Jackson_(driver)"
"801",800,"pagani",NA,NA,"11/10/1911","Italian","http://en.wikipedia.org/wiki/Nello_Pagani"
"802",801,"pozzi",NA,NA,"27/08/1909","French","http://en.wikipedia.org/wiki/Charles_Pozzi"
"803",802,"serafini",NA,NA,"22/07/1909","Italian","http://en.wikipedia.org/wiki/Dorino_Serafini"
"804",803,"cantrell",NA,NA,"31/01/1908","American","http://en.wikipedia.org/wiki/William_Cantrell"
"805",804,"mantz",NA,NA,"18/09/1918","American","http://en.wikipedia.org/wiki/Johnny_Mantz"
"806",805,"kladis",NA,NA,"10/02/1917","American","http://en.wikipedia.org/wiki/Danny_Kladis"
"807",806,"oscar_gonzalez",NA,NA,"10/11/1923","Uruguayan","http://en.wikipedia.org/wiki/Oscar_Gonz%C3%A1lez_(racing_driver)"
"808",807,"hulkenberg",27,"HUL","19/08/1987","German","http://en.wikipedia.org/wiki/Nico_H%C3%BClkenberg"
"809",808,"petrov",NA,"PET","08/09/1984","Russian","http://en.wikipedia.org/wiki/Vitaly_Petrov"
"810",810,"grassi",NA,"DIG","11/08/1984","Brazilian","http://en.wikipedia.org/wiki/Lucas_di_Grassi"
"811",811,"bruno_senna",NA,"SEN","15/10/1983","Brazilian","http://en.wikipedia.org/wiki/Bruno_Senna"
"812",812,"chandhok",NA,"CHA","19/01/1984","Indian","http://en.wikipedia.org/wiki/Karun_Chandhok"
"813",813,"maldonado",13,"MAL","09/03/1985","Venezuelan","http://en.wikipedia.org/wiki/Pastor_Maldonado"
"814",814,"resta",NA,"DIR","16/04/1986","British","http://en.wikipedia.org/wiki/Paul_di_Resta"
"815",815,"perez",11,"PER","26/01/1990","Mexican","http://en.wikipedia.org/wiki/Sergio_P%C3%A9rez"
"816",816,"ambrosio",NA,"DAM","27/12/1985","Belgian","http://en.wikipedia.org/wiki/J%C3%A9r%C3%B4me_d%27Ambrosio"
"817",817,"ricciardo",3,"RIC","01/07/1989","Australian","http://en.wikipedia.org/wiki/Daniel_Ricciardo"
"818",818,"vergne",25,"VER","25/04/1990","French","http://en.wikipedia.org/wiki/Jean-%C3%89ric_Vergne"
"819",819,"pic",NA,"PIC","15/02/1990","French","http://en.wikipedia.org/wiki/Charles_Pic"
"820",820,"chilton",4,"CHI","21/04/1991","British","http://en.wikipedia.org/wiki/Max_Chilton"
"821",821,"gutierrez",21,"GUT","05/08/1991","Mexican","http://en.wikipedia.org/wiki/Esteban_Guti%C3%A9rrez"
"822",822,"bottas",77,"BOT","28/08/1989","Finnish","http://en.wikipedia.org/wiki/Valtteri_Bottas"
"823",823,"garde",NA,"VDG","25/04/1985","Dutch","http://en.wikipedia.org/wiki/Giedo_van_der_Garde"
"824",824,"jules_bianchi",17,"BIA","03/08/1989","French","http://en.wikipedia.org/wiki/Jules_Bianchi"
"825",825,"kevin_magnussen",20,"MAG","05/10/1992","Danish","http://en.wikipedia.org/wiki/Kevin_Magnussen"
"826",826,"kvyat",26,"KVY","26/04/1994","Russian","http://en.wikipedia.org/wiki/Daniil_Kvyat"
"827",827,"lotterer",45,"LOT","19/11/1981","German","http://en.wikipedia.org/wiki/Andr%C3%A9_Lotterer"
"828",828,"ericsson",9,"ERI","02/09/1990","Swedish","http://en.wikipedia.org/wiki/Marcus_Ericsson"
"829",829,"stevens",28,"STE","28/06/1991","British","http://en.wikipedia.org/wiki/Will_Stevens"
"830",830,"max_verstappen",33,"VER","30/09/1997","Dutch","http://en.wikipedia.org/wiki/Max_Verstappen"
"831",831,"nasr",12,"NAS","21/08/1992","Brazilian","http://en.wikipedia.org/wiki/Felipe_Nasr"
"832",832,"sainz",55,"SAI","01/09/1994","Spanish","http://en.wikipedia.org/wiki/Carlos_Sainz_Jr."
"833",833,"merhi",98,"MER","22/03/1991","Spanish","http://en.wikipedia.org/wiki/Roberto_Merhi"
"834",834,"rossi",53,"RSS","25/09/1991","American","http://en.wikipedia.org/wiki/Alexander_Rossi_%28racing_driver%29"
"835",835,"jolyon_palmer",30,"PAL","20/01/1991","British","http://en.wikipedia.org/wiki/Jolyon_Palmer"
"836",836,"wehrlein",94,"WEH","18/10/1994","German","http://en.wikipedia.org/wiki/Pascal_Wehrlein"
"837",837,"haryanto",88,"HAR","22/01/1993","Indonesian","http://en.wikipedia.org/wiki/Rio_Haryanto"
"838",838,"vandoorne",2,"VAN","26/03/1992","Belgian","http://en.wikipedia.org/wiki/Stoffel_Vandoorne"
"839",839,"ocon",31,"OCO","17/09/1996","French","http://en.wikipedia.org/wiki/Esteban_Ocon"
"840",840,"stroll",18,"STR","29/10/1998","Canadian","http://en.wikipedia.org/wiki/Lance_Stroll"
"841",841,"giovinazzi",36,"GIO","14/12/1993","Italian","http://en.wikipedia.org/wiki/Antonio_Giovinazzi"
"842",843,"brendon_hartley",39,"HAR","10/11/1989","New Zealander","http://en.wikipedia.org/wiki/Brendon_Hartley"
